"alphaCode_bc","comName","comName_tmp","alphaCode_bc_tmp","speciesCode","comNameCode","bandingCode","sciNameCode","sciName"
"ABDU","American Black Duck","American Black Duck","ABDU","ambduc","","ABDU","ANRU","Anas rubripes"
"AGPL","American Golden-Plover","American Golden-Plover","AGPL","amgplo","AGPL","AMGP","PLDO","Pluvialis dominica"
"ALFL","Alder Flycatcher","Alder Flycatcher","ALFL","aldfly","","ALFL","EMAL","Empidonax alnorum"
"AMAV","American Avocet","American Avocet","AMAV","ameavo","","AMAV","REAM","Recurvirostra americana"
"AMBI","American Bittern","American Bittern","AMBI","amebit","","AMBI","BOLE","Botaurus lentiginosus"
"AMCO","American Coot","American Coot","AMCO","y00475","","AMCO","FUAM","Fulica americana"
"AMCR","American Crow","American Crow","AMCR","amecro","","AMCR","COBR","Corvus brachyrhynchos"
"AMDI","American Dipper","American Dipper","AMDI","amedip","","AMDI","CIME","Cinclus mexicanus"
"AMGO","American Goldfinch","American Goldfinch","AMGO","amegfi","AMGO","AGOL","SPTR","Spinus tristis"
"AMKE","American Kestrel","American Kestrel","AMKE","amekes","","AMKE","FASP","Falco sparverius"
"AMPI","American Pipit","American Pipit","AMPI","amepip","BBPI","AMPI","ANRU","Anthus rubescens"
"AMRE","American Redstart","American Redstart","AMRE","amered","","AMRE","SERU","Setophaga ruticilla"
"AMRO","American Robin","American Robin","AMRO","amerob","ALRO","AMRO","TUMI","Turdus migratorius"
"AMWI","American Wigeon","American Wigeon","AMWI","amewig","","AMWI","MAAM","Mareca americana"
"ANHU","Anna's Hummingbird","Anna's Hummingbird","ANHU","annhum","","ANHU","CAAN","Calypte anna"
"ANMU","Ancient Murrelet","Ancient Murrelet","ANMU","ancmur","","ANMU","SYAN","Synthliboramphus antiquus"
"ARTE","Arctic Tern","Arctic Tern","ARTE","arcter","","ARTE","STPA","Sterna paradisaea"
"ATSP","American Tree Sparrow","American Tree Sparrow","ATSP","amtspa","","ATSP","SPAR","Spizelloides arborea"
"ATTW","American Three-toed Woodpecker","American Three-toed Woodpecker","ATTW","attwoo1","TTWO","ATTW","PIDO","Picoides dorsalis"
"AUWA","Yellow-rumped Warbler (Audubon's)","Yellow-rumped Warbler (Audubon's)","AUWA","audwar","MYWA YRWA","AUWA","SECO","Setophaga coronata auduboni"
"AWPE","American White Pelican","American White Pelican","AWPE","amwpel","","AWPE","PEER","Pelecanus erythrorhynchos"
"BAEA","Bald Eagle","Bald Eagle","BAEA","baleag","","BAEA","HALE","Haliaeetus leucocephalus"
"BAGO","Barrow's Goldeneye","Barrow's Goldeneye","BAGO","bargol","","BAGO","BUIS","Bucephala islandica"
"BAOR","Baltimore Oriole","Baltimore Oriole","BAOR","balori","","BAOR","ICGA","Icterus galbula"
"BASA","Baird's Sandpiper","Baird's Sandpiper","BASA","baisan","","BASA","CABA","Calidris bairdii"
"BASW","Barn Swallow","Barn Swallow","BASW","barswa","BASW","BARS","HIRU","Hirundo rustica"
"BAWW","Black-and-white Warbler","Black-and-white Warbler","BAWW","bawwar","","BAWW","MNVA","Mniotilta varia"
"BAYW","Bay-breasted Warbler","Bay-breasted Warbler","BAYW","babwar","","BBWA","SECA","Setophaga castanea"
"BBMA","Black-billed Magpie","Black-billed Magpie","BBMA","bkbmag1","AMMA","BBMA","PIHU","Pica hudsonia"
"BBWO","Black-backed Woodpecker","Black-backed Woodpecker","BBWO","bkbwoo","","BBWO","PIAR","Picoides arcticus"
"BCCH","Black-capped Chickadee","Black-capped Chickadee","BCCH","bkcchi","","BCCH","POAT","Poecile atricapillus"
"BCHU","Black-chinned Hummingbird","Black-chinned Hummingbird","BCHU","bkchum","","BCHU","ARAL","Archilochus alexandri"
"BCNH","Black-crowned Night-Heron","Black-crowned Night-Heron","BCNH","","","","",""
"BDOW","Barred Owl","Barred Owl","BDOW","brdowl","BAOW","BADO","STVA","Strix varia"
"BEKI","Belted Kingfisher","Belted Kingfisher","BEKI","belkin1","","BEKI","MEAL","Megaceryle alcyon"
"BEWR","Bewick's Wren","Bewick's Wren","BEWR","bewwre","","BEWR","THBE","Thryomanes bewickii"
"BHCO","Brown-headed Cowbird","Brown-headed Cowbird","BHCO","bnhcow","","BHCO","MOAT","Molothrus ater"
"BHGR","Black-headed Grosbeak","Black-headed Grosbeak","BHGR","bkhgro","","BHGR","PHME","Pheucticus melanocephalus"
"BHVI","Blue-headed Vireo","Blue-headed Vireo","BHVI","buhvir","","BHVI","VISO","Vireo solitarius"
"BKPW","Blackpoll Warbler","Blackpoll Warbler","BKPW","bkpwar","BLWA","BLPW","SEST","Setophaga striata"
"BKSW","Bank Swallow","Bank Swallow","BKSW","banswa","SAMA BASW CSMA","BANS","RIRI","Riparia riparia"
"BLJA","Blue Jay","Blue Jay","BLJA","blujay","","BLJA","CYCR","Cyanocitta cristata"
"BLKI","Black-legged Kittiwake","Black-legged Kittiwake","BLKI","bklkit","","BLKI","RITR","Rissa tridactyla"
"BLOY","Black Oystercatcher","Black Oystercatcher","BLOY","blkoys","","BLOY","HABA","Haematopus bachmani"
"BLSW","Black Swift","Black Swift","BLSW","blkswi","ABSW","BLSW","CYNI","Cypseloides niger"
"BLTE","Black Tern","Black Tern","BLTE","blkter","","BLTE","CHNI","Chlidonias niger"
"BNOW","Barn Owl","Barn Owl","BNOW","brnowl","CBOW BAOW WBOW COBO","BANO","TYAL","Tyto alba"
"BNST","Black-necked Stilt","Black-necked Stilt","BNST","bknsti","BWST BNBS","BNST","HIME","Himantopus mexicanus"
"BOBO","Bobolink","Bobolink","BOBO","boboli","","BOBO","DOOR","Dolichonyx oryzivorus"
"BOCH","Boreal Chickadee","Boreal Chickadee","BOCH","borchi2","","BOCH","POHU","Poecile hudsonicus"
"BOGU","Bonaparte's Gull","Bonaparte's Gull","BOGU","bongul","","BOGU","CHPH","Chroicocephalus philadelphia"
"BOOW","Boreal Owl","Boreal Owl","BOOW","borowl","TEOW","BOOW","AEFU","Aegolius funereus"
"BOWA","Bohemian Waxwing","Bohemian Waxwing","BOWA","bohwax","","BOWA","BOGA","Bombycilla garrulus"
"BRAN","Brant","Brant","BRAN","brant","BRGO","BRAN","BRBE","Branta bernicla"
"BRBL","Brewer's Blackbird","Brewer's Blackbird","BRBL","brebla","","BRBL","EUCY","Euphagus cyanocephalus"
"BRCO","Brandt's Cormorant","Brandt's Cormorant","BRCO","bracor","BRCO","BRAC","URPE","Urile penicillatus"
"BRCR","Brown Creeper","Brown Creeper","BRCR","brncre","AMTR ABCR","BRCR","CEAM","Certhia americana"
"BRSP","Brewer's Sparrow","Brewer's Sparrow","BRSP","brespa","","BRSP","SPBR","Spizella breweri"
"BRTH","Brown Thrasher","Brown Thrasher","BRTH","brnthr","","BRTH","TORU","Toxostoma rufum"
"BTBW","Black-throated Blue Warbler","Black-throated Blue Warbler","BTBW","btbwar","","BTBW","SECA","Setophaga caerulescens"
"BTGW","Black-throated Gray Warbler","Black-throated Gray Warbler","BTGW","btywar","BTGW","BTYW","SENI","Setophaga nigrescens"
"BTHU","Broad-tailed Hummingbird","Broad-tailed Hummingbird","BTHU","brthum","","BTHU","SEPL","Selasphorus platycercus"
"BTNW","Black-throated Green Warbler","Black-throated Green Warbler","BTNW","btnwar","BTGW","BTNW","SEVI","Setophaga virens"
"BTPI","Band-tailed Pigeon","Band-tailed Pigeon","BTPI","batpig1","NBTP","BTPI","PAFA","Patagioenas fasciata"
"BTSP","Black-throated Sparrow","Black-throated Sparrow","BTSP","bktspa","","BTSP","AMBI","Amphispiza bilineata"
"BUFF","Bufflehead","Bufflehead","BUFF","buffle","","BUFF","BUAL","Bucephala albeola"
"BUOR","Bullock's Oriole","Bullock's Oriole","BUOR","bulori","","BUOR","ICBU","Icterus bullockii"
"BUOW","Burrowing Owl","Burrowing Owl","BUOW","burowl","","BUOW","ATCU","Athene cunicularia"
"BUSH","Bushtit","Bushtit","BUSH","bushti","AMBU","BUSH","PSMI","Psaltriparus minimus"
"BWHA","Broad-winged Hawk","Broad-winged Hawk","BWHA","brwhaw","","BWHA","BUPL","Buteo platypterus"
"BWTE","Blue-winged Teal","Blue-winged Teal","BWTE","buwtea","","BWTE","SPDI","Spatula discors"
"CAAU","Cassin's Auklet","Cassin's Auklet","CAAU","casauk","","CAAU","PTAL","Ptychoramphus aleuticus"
"CAFI","Cassin's Finch","Cassin's Finch","CAFI","casfin","","CAFI","HACA","Haemorhous cassinii"
"CAGO","Canada Goose","Canada Goose","CAGO","cangoo","CAGO","CANG","BRCA","Branta canadensis"
"CAGU","California Gull","California Gull","CAGU","calgul","","CAGU","LACA","Larus californicus"
"CAHU","Calliope Hummingbird","Calliope Hummingbird","CAHU","calhum","","CAHU","SECA","Selasphorus calliope"
"CANV","Canvasback","Canvasback","CANV","canvas","","CANV","AYVA","Aythya valisineria"
"CAQU","California Quail","California Quail","CAQU","calqua","","CAQU","CACA","Callipepla californica"
"CATE","Caspian Tern","Caspian Tern","CATE","caster1","","CATE","HYCA","Hydroprogne caspia"
"CAVI","Cassin's Vireo","Cassin's Vireo","CAVI","casvir","","CAVI","VICA","Vireo cassinii"
"CAWA","Canada Warbler","Canada Warbler","CAWA","canwar","","CAWA","CACA","Cardellina canadensis"
"CAWR","Canyon Wren","Canyon Wren","CAWR","canwre","CAWR","CANW","CAME","Catherpes mexicanus"
"CBCH","Chestnut-backed Chickadee","Chestnut-backed Chickadee","CBCH","chbchi","","CBCH","PORU","Poecile rufescens"
"CCSP","Clay-colored Sparrow","Clay-colored Sparrow","CCSP","clcspa","","CCSP","SPPA","Spizella pallida"
"CEWA","Cedar Waxwing","Cedar Waxwing","CEWA","cedwax","CEWA","CEDW","BOCE","Bombycilla cedrorum"
"CHSP","Chipping Sparrow","Chipping Sparrow","CHSP","chispa","","CHSP","SPPA","Spizella passerina"
"CHUK","Chukar","Chukar","CHUK","chukar","CHPA","CHUK","ALCH","Alectoris chukar"
"CITE","Cinnamon Teal","Cinnamon Teal","CITE","cintea","","CITE","SPCY","Spatula cyanoptera"
"CLGR","Clark's Grebe","Clark's Grebe","CLGR","clagre","","CLGR","AECL","Aechmophorus clarkii"
"CLNU","Clark's Nutcracker","Clark's Nutcracker","CLNU","clanut","","CLNU","NUCO","Nucifraga columbiana"
"CLSW","Cliff Swallow","Cliff Swallow","CLSW","cliswa","ACSW","CLSW","PEPY","Petrochelidon pyrrhonota"
"CMWA","Cape May Warbler","Cape May Warbler","CMWA","camwar","","CMWA","SETI","Setophaga tigrina"
"COFL","Cordilleran Flycatcher","Cordilleran Flycatcher","COFL","","","","",""
"COGO","Common Goldeneye","Common Goldeneye","COGO","comgol","","COGO","BUCL","Bucephala clangula"
"COGR","Common Grackle","Common Grackle","COGR","comgra","","COGR","QUQU","Quiscalus quiscula"
"COHA","Cooper's Hawk","Cooper's Hawk","COHA","coohaw","","COHA","ACCO","Accipiter cooperii"
"COLO","Common Loon","Common Loon","COLO","comloo","GNDI","COLO","GAIM","Gavia immer"
"COME","Common Merganser","Common Merganser","COME","commer","GOOS","COME","MEME","Mergus merganser"
"COMU","Common Murre","Common Murre","COMU","commur","COGU","COMU","URAA","Uria aalge"
"CONI","Common Nighthawk","Common Nighthawk","CONI","comnig","","CONI","CHMI","Chordeiles minor"
"COPO","Common Poorwill","Common Poorwill","COPO","compoo","","COPO","PHNU","Phalaenoptilus nuttallii"
"CORA","Common Raven","Common Raven","CORA","comrav","NORA","CORA","COCO","Corvus corax"
"CORE","Common Redpoll","Common Redpoll","CORE","comred","REDP","CORE","ACFL","Acanthis flammea"
"COTE","Common Tern","Common Tern","COTE","comter","","COTE","STHI","Sterna hirundo"
"COWA","Connecticut Warbler","Connecticut Warbler","COWA","conwar","COWA","CONW","OPAG","Oporornis agilis"
"COYE","Common Yellowthroat","Common Yellowthroat","COYE","comyel","","COYE","GETR","Geothlypis trichas"
"CROW","American or Northwestern Crow","American Crow or Northwestern Crow","CROW","","","","",""
"CSWA","Chestnut-sided Warbler","Chestnut-sided Warbler","CSWA","chswar","","CSWA","SEPE","Setophaga pensylvanica"
"DCCO","Double-crested Cormorant","Double-crested Cormorant","DCCO","doccor","","DCCO","NAAU","Nannopterum auritum"
"DEJU","Dark-eyed Junco","Dark-eyed Junco","DEJU","daejun","","DEJU","JUHY","Junco hyemalis"
"DOWO","Downy Woodpecker","Downy Woodpecker","DOWO","dowwoo","","DOWO","DRPU","Dryobates pubescens"
"DUFL","Dusky Flycatcher","Dusky Flycatcher","DUFL","dusfly","ADFL","DUFL","EMOB","Empidonax oberholseri"
"DUGR","Dusky Grouse","Dusky Grouse","DUGR","dusgro","","DUGR","DEOB","Dendragapus obscurus"
"EAGR","Eared Grebe","Eared Grebe","EAGR","eargre","BNGR","EAGR","PONI","Podiceps nigricollis"
"EAKI","Eastern Kingbird","Eastern Kingbird","EAKI","easkin","","EAKI","TYTY","Tyrannus tyrannus"
"EAPH","Eastern Phoebe","Eastern Phoebe","EAPH","easpho","","EAPH","SAPH","Sayornis phoebe"
"ECDO","Eurasian Collared-Dove","Eurasian Collared-Dove","ECDO","eucdov","CODO ECDO","EUCD","STDE","Streptopelia decaocto"
"EUST","European Starling","European Starling","EUST","eursta","COST","EUST","STVU","Sturnus vulgaris"
"EUWI","Eurasian Wigeon","Eurasian Wigeon","EUWI","eurwig","","EUWI","MAPE","Mareca penelope"
"EVGR","Evening Grosbeak","Evening Grosbeak","EVGR","evegro","","EVGR","COVE","Coccothraustes vespertinus"
"EWWR","Winter Wren","Winter Wren","EWWR","winwre3","AWWR","WIWR","TRHI","Troglodytes hiemalis"
"FEHA","Ferruginous Hawk","Ferruginous Hawk","FEHA","ferhaw","","FEHA","BURE","Buteo regalis"
"FLOW","Flammulated Owl","Flammulated Owl","FLOW","flaowl","","FLOW","PSFL","Psiloscops flammeolus"
"FOSP","Fox Sparrow","Fox Sparrow","FOSP","foxspa","FSSP","FOSP","PAIL","Passerella iliaca"
"FOTE","Forster's Tern","Forster's Tern","FOTE","forter","","FOTE","STFO","Sterna forsteri"
"FRGU","Franklin's Gull","Franklin's Gull","FRGU","fragul","","FRGU","LEPI","Leucophaeus pipixcan"
"FTSP","Fork-tailed Storm-Petrel","Fork-tailed Storm-Petrel","FTSP","ftspet","","FTSP","HYFU","Hydrobates furcatus"
"GADW","Gadwall","Gadwall","GADW","gadwal","","GADW","MAST","Mareca strepera"
"GBHE","Great Blue Heron","Great Blue Heron","GBHE","grbher3","GBWH","GBHE","ARHE","Ardea herodias"
"GCKI","Golden-crowned Kinglet","Golden-crowned Kinglet","GCKI","gockin","","GCKI","RESA","Regulus satrapa"
"GCRF","Gray-crowned Rosy-Finch","Gray-crowned Rosy-Finch","GCRF","gcrfin","","GCRF","LETE","Leucosticte tephrocotis"
"GCSP","Golden-crowned Sparrow","Golden-crowned Sparrow","GCSP","gocspa","","GCSP","ZOAT","Zonotrichia atricapilla"
"GCTH","Gray-cheeked Thrush","Gray-cheeked Thrush","GCTH","gycthr","","GCTH","CAMI","Catharus minimus"
"GGOW","Great Gray Owl","Great Gray Owl","GGOW","grgowl","","GGOW","STNE","Strix nebulosa"
"GHOW","Great Horned Owl","Great Horned Owl","GHOW","grhowl","","GHOW","BUVI","Bubo virginianus"
"GOEA","Golden Eagle","Golden Eagle","GOEA","goleag","","GOEA","AQCH","Aquila chrysaetos"
"GRCA","Gray Catbird","Gray Catbird","GRCA","grycat","","GRCA","DUCA","Dumetella carolinensis"
"GRFL","Gray Flycatcher","Gray Flycatcher","GRFL","gryfly","AGFL","GRFL","EMWR","Empidonax wrightii"
"GRHE","Green Heron","Green Heron","GRHE","grnher","GBHE","GRHE","BUVI","Butorides virescens"
"GRJA","Gray Jay","Gray Jay","GRJA","","","","",""
"GRPA","Gray Partridge","Gray Partridge","GRPA","grypar","GRPA","GRAP","PEPE","Perdix perdix"
"GRSC","Greater Scaup","Greater Scaup","GRSC","gresca","","GRSC","AYMA","Aythya marila"
"GRSP","Grasshopper Sparrow","Grasshopper Sparrow","GRSP","graspa","","GRSP","AMSA","Ammodramus savannarum"
"GRYE","Greater Yellowlegs","Greater Yellowlegs","GRYE","greyel","","GRYE","TRME","Tringa melanoleuca"
"GWGH","Western x Glaucous-winged Gull (hybrid)","Western x Glaucous-winged Gull (hybrid)","GWGH","x00051","WEGU GWGU","WGWH","LAGL LAOC","Larus occidentalis x glaucescens"
"GWGU","Glaucous-winged Gull","Glaucous-winged Gull","GWGU","glwgul","","GWGU","LAGL","Larus glaucescens"
"GWTE","Green-winged Teal","Green-winged Teal","GWTE","gnwtea","EUTE CWTE EWTE","GWTE","ANCR","Anas crecca"
"GYRF","Gyrfalcon","Gyrfalcon","GYRF","gyrfal","GYFA","GYRF","FARU","Falco rusticolus"
"HADU","Harlequin Duck","Harlequin Duck","HADU","harduc","","HADU","HIHI","Histrionicus histrionicus"
"HAFL","Hammond's Flycatcher","Hammond's Flycatcher","HAFL","hamfly","","HAFL","EMHA","Empidonax hammondii"
"HAHA","Red-tailed Hawk (Harlan's)","Red-tailed Hawk (Harlan's)","HAHA","hrthaw1","RTHA","HRLH","BUJA","Buteo jamaicensis harlani"
"HAWO","Hairy Woodpecker","Hairy Woodpecker","HAWO","haiwoo","","HAWO","DRVI","Dryobates villosus"
"HEGU","Herring Gull","Herring Gull","HEGU","hergul","AHHG EHGU HEGU","HERG","LAAR","Larus argentatus"
"HETH","Hermit Thrush","Hermit Thrush","HETH","herthr","","HETH","CAGU","Catharus guttatus"
"HEWA","Hermit Warbler","Hermit Warbler","HEWA","herwar","","HEWA","SEOC","Setophaga occidentalis"
"HOFI","House Finch","House Finch","HOFI","houfin","","HOFI","HAME","Haemorhous mexicanus"
"HOGR","Horned Grebe","Horned Grebe","HOGR","horgre","SLGR","HOGR","POAU","Podiceps auritus"
"HOLA","Horned Lark","Horned Lark","HOLA","horlar","SHLA","HOLA","ERAL","Eremophila alpestris"
"HOME","Hooded Merganser","Hooded Merganser","HOME","hoomer","","HOME","LOCU","Lophodytes cucullatus"
"HOPU","Horned Puffin","Horned Puffin","HOPU","horpuf","","HOPU","FRCO","Fratercula corniculata"
"HOSP","House Sparrow","House Sparrow","HOSP","houspa","","HOSP","PADO","Passer domesticus"
"HOWR","House Wren","House Wren","HOWR","houwre","","HOWR","TRAE","Troglodytes aedon"
"HUGO","Hudsonian Godwit","Hudsonian Godwit","HUGO","hudgod","","HUGO","LIHA","Limosa haemastica"
"HUVI","Hutton's Vireo","Hutton's Vireo","HUVI","hutvir","","HUVI","VIHU","Vireo huttoni"
"INBU","Indigo Bunting","Indigo Bunting","INBU","indbun","","INBU","PACY","Passerina cyanea"
"KILL","Killdeer","Killdeer","KILL","killde","","KILL","CHVO","Charadrius vociferus"
"LASP","Lark Sparrow","Lark Sparrow","LASP","larspa","","LASP","CHGR","Chondestes grammacus"
"LBCU","Long-billed Curlew","Long-billed Curlew","LBCU","lobcur","","LBCU","NUAM","Numenius americanus"
"LCSP","Le Conte's Sparrow","Le Conte's Sparrow","LCSP","","","","",""
"LEBI","Least Bittern","Least Bittern","LEBI","","","","",""
"LEFL","Least Flycatcher","Least Flycatcher","LEFL","leafly","","LEFL","EMMI","Empidonax minimus"
"LEGO","Lesser Goldfinch","Lesser Goldfinch","LEGO","lesgol","","LEGO","SPPS","Spinus psaltria"
"LEOW","Long-eared Owl","Long-eared Owl","LEOW","loeowl","NLEO","LEOW","ASOT","Asio otus"
"LESA","Least Sandpiper","Least Sandpiper","LESA","leasan","","LESA","CAMI","Calidris minutilla"
"LESC","Lesser Scaup","Lesser Scaup","LESC","lessca","","LESC","AYAF","Aythya affinis"
"LEWO","Lewis's Woodpecker","Lewis's Woodpecker","LEWO","lewwoo","","LEWO","MELE","Melanerpes lewis"
"LEYE","Lesser Yellowlegs","Lesser Yellowlegs","LEYE","lesyel","","LEYE","TRFL","Tringa flavipes"
"LISP","Lincoln's Sparrow","Lincoln's Sparrow","LISP","linspa","","LISP","MELI","Melospiza lincolnii"
"LKBU","Lark Bunting","Lark Bunting","LKBU","larbun","LABU","LARB","CAME","Calamospiza melanocorys"
"LSPE","Leach's Storm-Petrel","Leach's Storm-Petrel","LSPE","lcspet","LSPE","LESP","HYLE","Hydrobates leucorhous"
"LTDU","Long-tailed Duck","Long-tailed Duck","LTDU","lotduc","","LTDU","CLHY","Clangula hyemalis"
"LZBU","Lazuli Bunting","Lazuli Bunting","LZBU","lazbun","LABU","LAZB","PAAM","Passerina amoena"
"MACW","MacGillivray's Warbler","MacGillivray's Warbler","MACW","macwar","MAWA","MGWA","GETO","Geothlypis tolmiei"
"MALL","Mallard","Mallard","MALL","mallar3","","MALL","ANPL","Anas platyrhynchos"
"MAMU","Marbled Murrelet","Marbled Murrelet","MAMU","marmur","","MAMU","BRMA","Brachyramphus marmoratus"
"MAWR","Marsh Wren","Marsh Wren","MAWR","marwre","","MAWR","CIPA","Cistothorus palustris"
"MEGU","Mew Gull","Mew Gull","MEGU","","","","",""
"MERL","Merlin","Merlin","MERL","merlin","","MERL","FACO","Falco columbarius"
"MGNW","Magnolia Warbler","Magnolia Warbler","MGNW","magwar","","MAWA","SEMA","Setophaga magnolia"
"MOBL","Mountain Bluebird","Mountain Bluebird","MOBL","moublu","","MOBL","SICU","Sialia currucoides"
"MOCH","Mountain Chickadee","Mountain Chickadee","MOCH","mouchi","","MOCH","POGA","Poecile gambeli"
"MODO","Mourning Dove","Mourning Dove","MODO","moudov","","MODO","ZEMA","Zenaida macroura"
"MOQU","Mountain Quail","Mountain Quail","MOQU","mouqua","MOQU","MOUQ","ORPI","Oreortyx pictus"
"MOWA","Mourning Warbler","Mourning Warbler","MOWA","mouwar","","MOWA","GEPH","Geothlypis philadelphia"
"MUSW","Mute Swan","Mute Swan","MUSW","mutswa","","MUSW","CYOL","Cygnus olor"
"MYWA","Yellow-rumped Warbler (Myrtle)","Yellow-rumped Warbler (Myrtle)","MYWA","myrwar","MYWA YRWA","MYWA","SECO","Setophaga coronata coronata"
"NAWA","Nashville Warbler","Nashville Warbler","NAWA","naswar","","NAWA","LERU","Leiothlypis ruficapilla"
"NHOW","Northern Hawk Owl","Northern Hawk Owl","NHOW","nohowl","NOHO","NHOW","SUUL","Surnia ulula"
"NOBO","Northern Bobwhite","Northern Bobwhite","NOBO","norbob","","NOBO","COVI","Colinus virginianus"
"NOCR","Northwestern Crow","Northwestern Crow","NOCR","","","","",""
"NOFL","Northern Flicker","Northern Flicker","NOFL","norfli","YSSF","NOFL","COAU","Colaptes auratus"
"NOFU","Northern Fulmar","Northern Fulmar","NOFU","norful","","NOFU","FUGL","Fulmarus glacialis"
"NOGO","Northern Goshawk","Northern Goshawk","NOGO","","","","",""
"NOHA","Northern Harrier","Northern Harrier","NOHA","norhar2","","NOHA","CIHU","Circus hudsonius"
"NOMO","Northern Mockingbird","Northern Mockingbird","NOMO","normoc","","NOMO","MIPO","Mimus polyglottos"
"NOPI","Northern Pintail","Northern Pintail","NOPI","norpin","","NOPI","ANAC","Anas acuta"
"NOSH","Northern Shrike","Northern Shrike","NOSH","norshr4","NGSH NOSH","NSHR","LABO","Lanius borealis"
"NOSL","Northern Shoveler","Northern Shoveler","NOSL","norsho","NOSH","NSHO","SPCL","Spatula clypeata"
"NOWA","Northern Waterthrush","Northern Waterthrush","NOWA","norwat","","NOWA","PANO","Parkesia noveboracensis"
"NPOW","Northern Pygmy-Owl","Northern Pygmy-Owl","NPOW","nopowl","NPOW","NOPO","GLGN","Glaucidium gnoma"
"NRWS","Northern Rough-winged Swallow","Northern Rough-winged Swallow","NRWS","nrwswa","","NRWS","STSE","Stelgidopteryx serripennis"
"NSTS","Nelson's Sparrow","Nelson's Sparrow","NSTS","nstspa","","NESP","AMNE","Ammospiza nelsoni"
"NSWO","Northern Saw-whet Owl","Northern Saw-whet Owl","NSWO","nswowl","","NSWO","AEAC","Aegolius acadicus"
"OCWA","Orange-crowned Warbler","Orange-crowned Warbler","OCWA","orcwar","","OCWA","LECE","Leiothlypis celata"
"OSFL","Olive-sided Flycatcher","Olive-sided Flycatcher","OSFL","olsfly","","OSFL","COCO","Contopus cooperi"
"OSPR","Osprey","Osprey","OSPR","osprey","","OSPR","PAHA","Pandion haliaetus"
"OVEN","Ovenbird","Ovenbird","OVEN","ovenbi1","","OVEN","SEAU","Seiurus aurocapilla"
"PAJA","Parasitic Jaeger","Parasitic Jaeger","PAJA","parjae","ARJA ARSK","PAJA","STPA","Stercorarius parasiticus"
"PALO","Pacific Loon","Pacific Loon","PALO","pacloo","PADI","PALO","GAPA","Gavia pacifica"
"PAWA","Palm Warbler","Palm Warbler","PAWA","palwar","","PAWA","SEPA","Setophaga palmarum"
"PAWR","Pacific Wren","Pacific Wren","PAWR","pacwre1","","PAWR","TRPA","Troglodytes pacificus"
"PBGR","Pied-billed Grebe","Pied-billed Grebe","PBGR","pibgre","","PBGR","POPO","Podilymbus podiceps"
"PEAF","Indian Peafowl","Indian Peafowl","PEAF","compea","","INPE","PACR","Pavo cristatus"
"PECO","Pelagic Cormorant","Pelagic Cormorant","PECO","pelcor","","PECO","URPE","Urile pelagicus"
"PEFA","Peregrine Falcon","Peregrine Falcon","PEFA","perfal","","PEFA","FAPE","Falco peregrinus"
"PHVI","Philadelphia Vireo","Philadelphia Vireo","PHVI","phivir","","PHVI","VIPH","Vireo philadelphicus"
"PIGR","Pine Grosbeak","Pine Grosbeak","PIGR","pingro","","PIGR","PIEN","Pinicola enucleator"
"PIGU","Pigeon Guillemot","Pigeon Guillemot","PIGU","piggui","","PIGU","CECO","Cepphus columba"
"PISI","Pine Siskin","Pine Siskin","PISI","pinsis","","PISI","SPPI","Spinus pinus"
"PIWO","Pileated Woodpecker","Pileated Woodpecker","PIWO","pilwoo","","PIWO","DRPI","Dryocopus pileatus"
"POWA","Prothonotary Warbler","Prothonotary Warbler","POWA","prowar","PRWA","PROW","PRCI","Protonotaria citrea"
"PRFA","Prairie Falcon","Prairie Falcon","PRFA","prafal","","PRFA","FAME","Falco mexicanus"
"PSFL","Pacific-slope Flycatcher","Pacific-slope Flycatcher","PSFL","","","","",""
"PUFI","Purple Finch","Purple Finch","PUFI","purfin","","PUFI","HAPU","Haemorhous purpureus"
"PUMA","Purple Martin","Purple Martin","PUMA","purmar","","PUMA","PRSU","Progne subis"
"PYNU","Pygmy Nuthatch","Pygmy Nuthatch","PYNU","pygnut","","PYNU","SIPY","Sitta pygmaea"
"RBGR","Rose-breasted Grosbeak","Rose-breasted Grosbeak","RBGR","robgro","","RBGR","PHLU","Pheucticus ludovicianus"
"RBGU","Ring-billed Gull","Ring-billed Gull","RBGU","ribgul","","RBGU","LADE","Larus delawarensis"
"RBME","Red-breasted Merganser","Red-breasted Merganser","RBME","rebmer","","RBME","MESE","Mergus serrator"
"RBNU","Red-breasted Nuthatch","Red-breasted Nuthatch","RBNU","rebnut","","RBNU","SICA","Sitta canadensis"
"RBSA","Red-breasted Sapsucker","Red-breasted Sapsucker","RBSA","rebsap","","RBSA","SPRU","Sphyrapicus ruber"
"RCKI","Ruby-crowned Kinglet","Ruby-crowned Kinglet","RCKI","ruckin","","RCKI","COCA","Corthylio calendula"
"RECR","Red Crossbill","Red Crossbill","RECR","redcro","COCR","RECR","LOCU","Loxia curvirostra"
"REDH","Redhead","Redhead","REDH","redhea","","REDH","AYAM","Aythya americana"
"REVI","Red-eyed Vireo","Red-eyed Vireo","REVI","reevir1","","REVI","VIOL","Vireo olivaceus"
"RHAU","Rhinoceros Auklet","Rhinoceros Auklet","RHAU","rhiauk","","RHAU","CEMO","Cerorhinca monocerata"
"RNDU","Ring-necked Duck","Ring-necked Duck","RNDU","rinduc","","RNDU","AYCO","Aythya collaris"
"RNGR","Red-necked Grebe","Red-necked Grebe","RNGR","rengre","","RNGR","POGR","Podiceps grisegena"
"RNPH","Ring-necked Pheasant","Ring-necked Pheasant","RNPH","rinphe1","RNPH COPH","RNEP","PHCO","Phasianus colchicus"
"RNPL","Red-necked Phalarope","Red-necked Phalarope","RNPL","renpha","","RNPH","PHLO","Phalaropus lobatus"
"RNSA","Red-naped Sapsucker","Red-naped Sapsucker","RNSA","rensap","","RNSA","SPNU","Sphyrapicus nuchalis"
"ROPI","Rock Pigeon","Rock Pigeon","ROPI","rocpig","ROPI RODO","","COLI","Columba livia"
"ROPT","Rock Ptarmigan","Rock Ptarmigan","ROPT","rocpta1","","ROPT","LAMU","Lagopus muta"
"ROWR","Rock Wren","Rock Wren","ROWR","rocwre","ARWR","ROWR","SAOB","Salpinctes obsoletus"
"RTHA","Red-tailed Hawk","Red-tailed Hawk","RTHA","rethaw","","RTHA","BUJA","Buteo jamaicensis"
"RTHA","Red-tailed Hawk","Red-tailed Hawk","RTHA","rethaw","","RTHA","BUJA","Buteo jamaicensis"
"RTHU","Ruby-throated Hummingbird","Ruby-throated Hummingbird","RTHU","rthhum","","RTHU","ARCO","Archilochus colubris"
"RTLO","Red-throated Loon","Red-throated Loon","RTLO","retloo","RTDI","RTLO","GAST","Gavia stellata"
"RUBL","Rusty Blackbird","Rusty Blackbird","RUBL","rusbla","","RUBL","EUCA","Euphagus carolinus"
"RUDU","Ruddy Duck","Ruddy Duck","RUDU","rudduc","","RUDU","OXJA","Oxyura jamaicensis"
"RUGR","Ruffed Grouse","Ruffed Grouse","RUGR","rufgro","","RUGR","BOUM","Bonasa umbellus"
"RUHU","Rufous Hummingbird","Rufous Hummingbird","RUHU","rufhum","","RUHU","SERU","Selasphorus rufus"
"RWBL","Red-winged Blackbird","Red-winged Blackbird","RWBL","rewbla","","RWBL","AGPH","Agelaius phoeniceus"
"SACR","Sandhill Crane","Sandhill Crane","SACR","sancra","","SACR","ANCA","Antigone canadensis"
"SAHY","Sapsucker hybrid","Sapsucker hybrid","SAHY","","","","",""
"SAPH","Say's Phoebe","Say's Phoebe","SAPH","saypho","","SAPH","SASA","Sayornis saya"
"SAPS","Unknown Sapsucker","Unknown Sapsucker","SAPS","","","","",""
"SATH","Sage Thrasher","Sage Thrasher","SATH","sagthr","","SATH","ORMO","Oreoscoptes montanus"
"SAVS","Savannah Sparrow","Savannah Sparrow","SAVS","savspa","SASP SBBS","SAVS","PASA","Passerculus sandwichensis"
"SBDO","Short-billed Dowitcher","Short-billed Dowitcher","SBDO","shbdow","","SBDO","LIGR","Limnodromus griseus"
"SEOW","Short-eared Owl","Short-eared Owl","SEOW","sheowl","","SEOW","ASFL","Asio flammeus"
"SEPL","Semipalmated Plover","Semipalmated Plover","SEPL","semplo","","SEPL","CHSE","Charadrius semipalmatus"
"SIPH","Silver Pheasant","Silver Pheasant","SIPH","silphe","SIPH","","LONY","Lophura nycthemera"
"SKLA","Sky Lark","Sky Lark","SKLA","","","","",""
"SMLO","Smith's Longspur","Smith's Longspur","SMLO","smilon","","SMLO","CAPI","Calcarius pictus"
"SNBU","Snow Bunting","Snow Bunting","SNBU","snobun","","SNBU","PLNI","Plectrophenax nivalis"
"SNGO","Snow Goose","Snow Goose","SNGO","snogoo","","SNGO","ANCA","Anser caerulescens"
"SOGR","Sooty Grouse","Sooty Grouse","SOGR","soogro1","","SOGR","DEFU","Dendragapus fuliginosus"
"SORA","Sora","Sora","SORA","sora","","SORA","POCA","Porzana carolina"
"SOSA","Solitary Sandpiper","Solitary Sandpiper","SOSA","solsan","","SOSA","TRSO","Tringa solitaria"
"SOSP","Song Sparrow","Song Sparrow","SOSP","sonspa","","SOSP","MEME","Melospiza melodia"
"SPGR","Spruce Grouse","Spruce Grouse","SPGR","sprgro","","SPGR","CACA","Canachites canadensis"
"SPOW","Spotted Owl","Spotted Owl","SPOW","spoowl","","SPOW","STOC","Strix occidentalis"
"SPPI","Sprague's Pipit","Sprague's Pipit","SPPI","sprpip","","SPPI","ANSP","Anthus spragueii"
"SPSA","Spotted Sandpiper","Spotted Sandpiper","SPSA","sposan","","SPSA","ACMA","Actitis macularius"
"SPTO","Spotted Towhee","Spotted Towhee","SPTO","spotow","","SPTO","PIMA","Pipilo maculatus"
"SSHA","Sharp-shinned Hawk","Sharp-shinned Hawk","SSHA","shshaw","SSBB","SSHA","ACST","Accipiter striatus"
"STGR","Sharp-tailed Grouse","Sharp-tailed Grouse","STGR","shtgro","","STGR","TYPH","Tympanuchus phasianellus"
"STJA","Steller's Jay","Steller's Jay","STJA","stejay","","STJA","CYST","Cyanocitta stelleri"
"SUSC","Surf Scoter","Surf Scoter","SUSC","sursco","","SUSC","MEPE","Melanitta perspicillata"
"SUTA","Summer Tanager","Summer Tanager","SUTA","sumtan","","SUTA","PIRU","Piranga rubra"
"SWHA","Swainson's Hawk","Swainson's Hawk","SWHA","swahaw","","SWHA","BUSW","Buteo swainsoni"
"SWSP","Swamp Sparrow","Swamp Sparrow","SWSP","swaspa","","SWSP","MEGE","Melospiza georgiana"
"SWTH","Swainson's Thrush","Swainson's Thrush","SWTH","swathr","RBTH","SWTH","CAUS","Catharus ustulatus"
"TBMU","Thick-billed Murre","Thick-billed Murre","TBMU","thbmur","BRGU","TBMU","URLO","Uria lomvia"
"TEWA","Tennessee Warbler","Tennessee Warbler","TEWA","tenwar","","TEWA","LEPE","Leiothlypis peregrina"
"TOSO","Townsend's Solitaire","Townsend's Solitaire","TOSO","towsol","","TOSO","MYTO","Myadestes townsendi"
"TOWA","Townsend's Warbler","Townsend's Warbler","TOWA","towwar","","TOWA","SETO","Setophaga townsendi"
"TRSW","Tree Swallow","Tree Swallow","TRSW","treswa","TRSW","TRES","TABI","Tachycineta bicolor"
"TRUS","Trumpeter Swan","Trumpeter Swan","TRUS","truswa","TRSW","TRUS","CYBU","Cygnus buccinator"
"TUPU","Tufted Puffin","Tufted Puffin","TUPU","tufpuf","","TUPU","FRCI","Fratercula cirrhata"
"TUVU","Turkey Vulture","Turkey Vulture","TUVU","turvul","","TUVU","CAAU","Cathartes aura"
"UPSA","Upland Sandpiper","Upland Sandpiper","UPSA","uplsan","","UPSA","BALO","Bartramia longicauda"
"VASW","Vaux's Swift","Vaux's Swift","VASW","vauswi","","VASW","CHVA","Chaetura vauxi"
"VATH","Varied Thrush","Varied Thrush","VATH","varthr","","VATH","IXNA","Ixoreus naevius"
"VEER","Veery","Veery","VEER","veery","","VEER","CAFU","Catharus fuscescens"
"VESP","Vesper Sparrow","Vesper Sparrow","VESP","vesspa","","VESP","POGR","Pooecetes gramineus"
"VGSW","Violet-green Swallow","Violet-green Swallow","VGSW","vigswa","","VGSW","TATH","Tachycineta thalassina"
"VIRA","Virginia Rail","Virginia Rail","VIRA","virrai","","VIRA","RALI","Rallus limicola"
"WATA","Wandering Tattler","Wandering Tattler","WATA","wantat1","","WATA","TRIN","Tringa incana"
"WAVI","Warbling Vireo","Warbling Vireo","WAVI","warvir","","WAVI","VIGI","Vireo gilvus"
"WBNU","White-breasted Nuthatch","White-breasted Nuthatch","WBNU","whbnut","","WBNU","SICA","Sitta carolinensis"
"WCSP","White-crowned Sparrow","White-crowned Sparrow","WCSP","whcspa","","WCSP","ZOLE","Zonotrichia leucophrys"
"WEBL","Western Bluebird","Western Bluebird","WEBL","wesblu","","WEBL","SIME","Sialia mexicana"
"WEFL","Cordilleran or Pacific-slope Flycatcher (Western)","Cordilleran or Pacific-slope Flycatcher (Western)","WEFL","","","","",""
"WEGR","Western Grebe","Western Grebe","WEGR","wesgre","","WEGR","AEOC","Aechmophorus occidentalis"
"WEGU","Western Gull","Western Gull","WEGU","wesgul","","WEGU","LAOC","Larus occidentalis"
"WEKI","Western Kingbird","Western Kingbird","WEKI","weskin","","WEKI","TYVE","Tyrannus verticalis"
"WEME","Western Meadowlark","Western Meadowlark","WEME","wesmea","","WEME","STNE","Sturnella neglecta"
"WETA","Western Tanager","Western Tanager","WETA","westan","","WETA","PILU","Piranga ludoviciana"
"WHWO","White-headed Woodpecker","White-headed Woodpecker","WHWO","whhwoo","","WHWO","DRAL","Dryobates albolarvatus"
"WIFL","Willow Flycatcher","Willow Flycatcher","WIFL","wilfly","","WIFL","EMTR","Empidonax traillii"
"WIPH","Wilson's Phalarope","Wilson's Phalarope","WIPH","wilpha","","WIPH","PHTR","Phalaropus tricolor"
"WIPT","Willow Ptarmigan","Willow Ptarmigan","WIPT","wilpta","WIGR RGGR","WIPT","LALA","Lagopus lagopus"
"WISA","Williamson's Sapsucker","Williamson's Sapsucker","WISA","wilsap","","WISA","SPTH","Sphyrapicus thyroideus"
"WISN","Wilson's Snipe","Wilson's Snipe","WISN","wilsni1","","WISN","GADE","Gallinago delicata"
"WITU","Wild Turkey","Wild Turkey","WITU","wiltur","","WITU","MEGA","Meleagris gallopavo"
"WIWA","Wilson's Warbler","Wilson's Warbler","WIWA","wlswar","","WIWA","CAPU","Cardellina pusilla"
"WIWR","Pacific/Winter Wren","Pacific Wren/Winter Wren","WIWR","","","","",""
"WODU","Wood Duck","Wood Duck","WODU","wooduc","CWDU","WODU","AISP","Aix sponsa"
"WSJA","Western Scrub-Jay","Western Scrub-Jay","WSJA","","","","",""
"WSOW","Western Screech-Owl","Western Screech-Owl","WSOW","wesowl1","WSOW","WESO","MEKE","Megascops kennicottii"
"WTPT","White-tailed Ptarmigan","White-tailed Ptarmigan","WTPT","whtpta1","","WTPT","LALE","Lagopus leucura"
"WTSP","White-throated Sparrow","White-throated Sparrow","WTSP","whtspa","","WTSP","ZOAL","Zonotrichia albicollis"
"WTSW","White-throated Swift","White-throated Swift","WTSW","whtswi","","WTSW","AESA","Aeronautes saxatalis"
"WWCR","White-winged Crossbill","White-winged Crossbill","WWCR","whwcro","TBCR","WWCR","LOLE","Loxia leucoptera"
"WWPE","Western Wood-Pewee","Western Wood-Pewee","WWPE","wewpew","WWPE","WEWP","COSO","Contopus sordidulus"
"WWSC","White-winged Scoter","White-winged Scoter","WWSC","whwsco2","","WWSC","MEDE","Melanitta deglandi"
"YBCH","Yellow-breasted Chat","Yellow-breasted Chat","YBCH","yebcha","","YBCH","ICVI","Icteria virens"
"YBCU","Yellow-billed Cuckoo","Yellow-billed Cuckoo","YBCU","yebcuc","","YBCU","COAM","Coccyzus americanus"
"YBFL","Yellow-bellied Flycatcher","Yellow-bellied Flycatcher","YBFL","yebfly","","YBFL","EMFL","Empidonax flaviventris"
"YBSA","Yellow-bellied Sapsucker","Yellow-bellied Sapsucker","YBSA","yebsap","","YBSA","SPVA","Sphyrapicus varius"
"YERA","Yellow Rail","Yellow Rail","YERA","yelrai","","YERA","CONO","Coturnicops noveboracensis"
"YEWA","Yellow Warbler","Yellow Warbler","YEWA","yelwar","AYWA MAWA","YEWA","SEPE","Setophaga petechia"
"YHBL","Yellow-headed Blackbird","Yellow-headed Blackbird","YHBL","yehbla","","YHBL","XAXA","Xanthocephalus xanthocephalus"
"YRWA","Yellow-rumped Warbler","Yellow-rumped Warbler","YRWA","yerwar","MYWA","YRWA","SECO","Setophaga coronata"
"YRWA","Yellow-rumped Warbler","Yellow-rumped Warbler","YRWA","yerwar","MYWA","YRWA","SECO","Setophaga coronata"
"","Emu","","","emu1","EMU COEM","","DRNO","Dromaius novaehollandiae"
"","Bar-headed Goose","","","bahgoo","BHGO","","ANIN","Anser indicus"
"","Emperor Goose","","","empgoo","","EMGO","ANCA","Anser canagicus"
"","Ross's Goose","","","rosgoo","","ROGO","ANRO","Anser rossii"
"","Snow x Ross's Goose (hybrid)","","","sxrgoo1","SNGO ROGO","SRGH","ANRO ANCA","Anser caerulescens x rossii"
"","Graylag Goose","","","gragoo","","GRGO","ANAN","Anser anser"
"","Swan Goose","","","swagoo1","SWGO","","ANCY","Anser cygnoides"
"","Graylag x Swan Goose (hybrid)","","","x00776","GRGO SWGO","","ANAN ANCY","Anser anser x cygnoides"
"","Greater White-fronted Goose","","","gwfgoo","","GWFG","ANAL","Anser albifrons"
"","Taiga Bean-Goose","","","taibeg1","BEGO TBGO","TABG","ANFA","Anser fabalis"
"","Pink-footed Goose","","","pifgoo","","PFGO","ANBR","Anser brachyrhynchus"
"","Barnacle Goose","","","bargoo","BAGO","BARG","BRLE","Branta leucopsis"
"","Cackling Goose","","","cacgoo1","CAGO","CACG","BRHU","Branta hutchinsii"
"","Greater White-fronted x Cackling Goose (hybrid)","","","x00414","GWFG CACG CAGO","","ANAL BRHU","Anser albifrons x Branta hutchinsii"
"","Swan Goose x Canada Goose (hybrid)","","","swagoo3","CANG CAGO SWGO","","ANCY BRCA","Anser cygnoides x Branta canadensis"
"","Greater White-fronted x Canada Goose (hybrid)","","","x00415","CANG GWFG CAGO","","BRCA ANAL","Anser albifrons x Branta canadensis"
"","Graylag x Canada Goose (hybrid)","","","x00758","CANG CAGO GRGO","","ANAN BRCA","Anser anser x Branta canadensis"
"","Domestic goose sp. x Canada Goose (hybrid)","","","x00759","","","","Anser sp. (Domestic type) x Branta canadensis"
"","Black Swan","","","blkswa","BLSW","","CYAT","Cygnus atratus"
"","Mute x Trumpeter Swan (hybrid)","","","x00832","MUSW TRSW TRUS","","CYOL CYBU","Cygnus olor x buccinator"
"","Tundra Swan","","","tunswa","BESW","TUSW","CYCO","Cygnus columbianus"
"","Whooper Swan","","","whoswa","WHSW","WHOS","CYCY","Cygnus cygnus"
"","Egyptian Goose","","","egygoo","","EGGO","ALAE","Alopochen aegyptiaca"
"","Ruddy Shelduck","","","rudshe","","RUSH","TAFE","Tadorna ferruginea"
"","Muscovy Duck","","","musduc","","MUDU","CAMO","Cairina moschata"
"","Ringed Teal","","","rintea1","RITE","","CALE","Callonetta leucophrys"
"","Mandarin Duck","","","manduc","MADU","","AIGA","Aix galericulata"
"","Wood x Mandarin Duck (hybrid)","","","x00833","WODU CWDU MADU","","AIGA AISP","Aix sponsa x galericulata"
"","Baikal Teal","","","baitea","","BATE","SIFO","Sibirionetta formosa"
"","Garganey","","","gargan","","GARG","SPQU","Spatula querquedula"
"","Blue-winged x Cinnamon Teal (hybrid)","","","bwxtea1","CITE BWTE","","SPDI SPCY","Spatula discors x cyanoptera"
"","Blue-winged Teal x Northern Shoveler (hybrid)","","","x00629","NSHO BWTE NOSH","","SPCL SPDI","Spatula discors x clypeata"
"","Cinnamon Teal x Northern Shoveler (hybrid)","","","x00630","CITE NSHO NOSH","","SPCL SPCY","Spatula cyanoptera x clypeata"
"","Falcated Duck","","","falduc","","FADU","MAFA","Mareca falcata"
"","Eurasian x American Wigeon (hybrid)","","","x00421","AMWI EUWI","","MAPE MAAM","Mareca penelope x americana"
"","Muscovy Duck x Mallard (hybrid)","","","mdxmal1","MUDU MALL","","ANPL CAMO","Cairina moschata x Anas platyrhynchos"
"","Northern Shoveler x Mallard (hybrid)","","","x00612","NSHO NOSH MALL","","SPCL ANPL","Spatula clypeata x Anas platyrhynchos"
"","Gadwall x Mallard (hybrid)","","","x00420","GADW MALL","","MAST ANPL","Mareca strepera x Anas platyrhynchos"
"","American Wigeon x Mallard (hybrid)","","","x00611","AMWI MALL","","ANPL MAAM","Mareca americana x Anas platyrhynchos"
"","Mallard x American Black Duck (hybrid)","","","x00004","ABDU MALL","MBDH","ANRU ANPL","Anas platyrhynchos x rubripes"
"","White-cheeked Pintail","","","whcpin","WCPI","WCHP","ANBA","Anas bahamensis"
"","Gadwall x Northern Pintail (hybrid)","","","x00610","GADW NOPI","","ANAC MAST","Mareca strepera x Anas acuta"
"","American Wigeon x Northern Pintail (hybrid)","","","x00196","AMWI NOPI","","ANAC MAAM","Mareca americana x Anas acuta"
"","Mallard x Northern Pintail (hybrid)","","","x00628","NOPI MALL","","ANAC ANPL","Anas platyrhynchos x acuta"
"","Blue-winged x Green-winged Teal (hybrid)","","","x00673","GWTE BWTE EUTE CWTE EWTE","","SPDI ANCR","Spatula discors x Anas crecca"
"","American Wigeon x Green-winged Teal (hybrid)","","","x00646","AMWI GWTE EUTE CWTE EWTE","","ANCR MAAM","Mareca americana x Anas crecca"
"","Northern Pintail x Green-winged Teal (hybrid)","","","x00725","GWTE EUTE CWTE EWTE NOPI","","ANAC ANCR","Anas acuta x crecca"
"","Red-crested Pochard","","","recpoc","RCPO","","NERU","Netta rufina"
"","Common Pochard","","","compoc","COPO","COMP","AYFE","Aythya ferina"
"","Canvasback x Ring-necked Duck (hybrid)","","","x00880","CANV RNDU","","AYVA AYCO","Aythya valisineria x collaris"
"","Tufted Duck","","","tufduc","","TUDU","AYFU","Aythya fuligula"
"","Ring-necked Duck x Greater Scaup (hybrid)","","","x00779","GRSC RNDU","","AYCO AYMA","Aythya collaris x marila"
"","Ring-necked Duck x Lesser Scaup (hybrid)","","","x00613","LESC RNDU","","AYCO AYAF","Aythya collaris x affinis"
"","Tufted Duck x Lesser Scaup (hybrid)","","","x00653","TUDU LESC","","AYFU AYAF","Aythya fuligula x affinis"
"","Canvasback x scaup sp. (hybrid)","","","x00377","CANV","","AYVA","Aythya valisineria x marila/affinis"
"","Redhead x scaup sp. (hybrid)","","","x00681","REDH","","AYAM","Aythya americana x marila/affinis"
"","Ring-necked Duck x scaup sp. (hybrid)","","","x00682","RNDU","","AYCO","Aythya collaris x marila/affinis"
"","Tufted Duck x scaup sp. (hybrid)","","","tdxsca1","TUDU","","AYFU","Aythya fuligula x marila/affinis"
"","Steller's Eider","","","steeid","","STEI","POST","Polysticta stelleri"
"","King Eider","","","kineid","","KIEI","SOSP","Somateria spectabilis"
"","Common Eider","","","comeid","","COEI","SOMO","Somateria mollissima"
"","Surf x White-winged Scoter (hybrid)","","","x00882","WWSC SUSC","","MEDE MEPE","Melanitta perspicillata x deglandi"
"","Black Scoter","","","blksco2","","BLSC","MEAM","Melanitta americana"
"","Bufflehead x Common Goldeneye (hybrid)","","","x00655","BUFF COGO","","BUAL BUCL","Bucephala albeola x clangula"
"","Bufflehead x goldeneye sp. (hybrid)","","","x00909","BUFF","","BUAL","Bucephala albeola x clangula/islandica"
"","Common x Barrow's Goldeneye (hybrid)","","","cxbgol1","BAGO COGO","","BUIS BUCL","Bucephala clangula x islandica"
"","Smew","","","smew","","SMEW","MEAL","Mergellus albellus"
"","Common Goldeneye x Hooded Merganser (hybrid)","","","x00425","HOME COGO","","LOCU BUCL","Bucephala clangula x Lophodytes cucullatus"
"","Barrow's Goldeneye x Hooded Merganser (hybrid)","","","x00426","BAGO HOME","","BUIS LOCU","Bucephala islandica x Lophodytes cucullatus"
"","goldeneye sp. x Hooded Merganser (hybrid)","","","x00631","BAGO HOME COGO","","BUIS LOCU BUCL","Bucephala clangula/islandica x Lophodytes cucullatus"
"","Helmeted Guineafowl","","","helgui","HEGU","HELG","NUME","Numida meleagris"
"","Golden Pheasant","","","golphe","GOPH","","CHPI","Chrysolophus pictus"
"","Ring-necked x Green Pheasant (hybrid)","","","x01018","RNEP GRPH RNPH COPH","","PHCO PHVE","Phasianus colchicus x versicolor"
"","Common Quail","","","comqua1","COQU","","COCO","Coturnix coturnix"
"","American Flamingo","","","grefla2","","AMFL","PHRU","Phoenicopterus ruber"
"","Western x Clark's Grebe (hybrid)","","","x00427","WEGR CLGR","","AEOC AECL","Aechmophorus occidentalis x clarkii"
"","Oriental Turtle-Dove","","","ortdov","OTDO RTDO","ORTD","STOR","Streptopelia orientalis"
"","African Collared-Dove","","","afcdov1","ACDO","AFCD","STRO","Streptopelia roseogrisea"
"","White-winged Dove","","","whwdov","","WWDO","ZEAS","Zenaida asiatica"
"","Black-billed Cuckoo","","","bkbcuc","","BBCU","COER","Coccyzus erythropthalmus"
"","Lesser Nighthawk","","","lesnig","","LENI","CHAC","Chordeiles acutipennis"
"","Rivoli's Hummingbird","","","maghum1","MAHU","RIHU","EUFU","Eugenes fulgens"
"","Black-chinned x Anna's Hummingbird (hybrid)","","","x00651","ANHU BCHU","","CAAN ARAL","Archilochus alexandri x Calypte anna"
"","Costa's Hummingbird","","","coshum","","COHU","CACO","Calypte costae"
"","Black-chinned x Rufous Hummingbird (hybrid)","","","x00738","BCHU RUHU","","ARAL SERU","Archilochus alexandri x Selasphorus rufus"
"","Anna's x Rufous Hummingbird (hybrid)","","","x00626","ANHU RUHU","","CAAN SERU","Calypte anna x Selasphorus rufus"
"","Xantus's Hummingbird","","","xanhum","","XAHU","BAXA","Basilinna xantusii"
"","Common Gallinule","","","comgal1","AMMO","COGA","GAGA","Gallinula galeata"
"","Demoiselle Crane","","","demcra1","DECR","","ANVI","Anthropoides virgo"
"","Common Crane","","","comcra","COCR","CCRA","GRGR","Grus grus"
"","Black-bellied Plover","","","bkbplo","GRPL","BBPL","PLSQ","Pluvialis squatarola"
"","Pacific Golden-Plover","","","pagplo","PGPL","PAGP","PLFU","Pluvialis fulva"
"","Common Ringed Plover","","","corplo","RIPL","CRPL","CHHI","Charadrius hiaticula"
"","Piping Plover","","","pipplo","","PIPL","CHME","Charadrius melodus"
"","Siberian Sand-Plover","","","lessap2","LSPL LSDO SISD LESA SISP SSPL SSDO","LSAP","ANMO","Anarhynchus mongolus"
"","Snowy Plover","","","snoplo5","","SNPL","ANNI","Anarhynchus nivosus"
"","Bristle-thighed Curlew","","","brtcur","","BTCU","NUTA","Numenius tahitiensis"
"","Whimbrel","","","whimbr","EUWH","WHIM","NUPH","Numenius phaeopus"
"","Far Eastern Curlew","","","faecur","EACU","FECU","NUMA","Numenius madagascariensis"
"","Bar-tailed Godwit","","","batgod","","BTGO","LILA","Limosa lapponica"
"","Marbled Godwit","","","margod","","MAGO","LIFE","Limosa fedoa"
"","Long-billed Dowitcher","","","lobdow","","LBDO","LISC","Limnodromus scolopaceus"
"","Red Phalarope","","","redpha1","GRPH","REPH","PHFU","Phalaropus fulicarius"
"","Terek Sandpiper","","","tersan","","TESA","XECI","Xenus cinereus"
"","Gray-tailed Tattler","","","gyttat1","","GTTA","TRBR","Tringa brevipes"
"","Wood Sandpiper","","","woosan","","WOSA","TRGL","Tringa glareola"
"","Willet","","","willet1","","WILL","TRSE","Tringa semipalmata"
"","Spotted Redshank","","","spored","","SPRE","TRER","Tringa erythropus"
"","Ruddy Turnstone","","","rudtur","","RUTU","ARIN","Arenaria interpres"
"","Black Turnstone","","","blktur","","BLTU","ARME","Arenaria melanocephala"
"","Red Knot","","","redkno","","REKN","CACA","Calidris canutus"
"","Surfbird","","","surfbi","","SURF","CAVI","Calidris virgata"
"","Ruff","","","ruff","","RUFF","CAPU","Calidris pugnax"
"","Sharp-tailed Sandpiper","","","shtsan","STSA","SPTS","CAAC","Calidris acuminata"
"","Curlew Sandpiper","","","cursan","","CUSA","CAFE","Calidris ferruginea"
"","Stilt Sandpiper","","","stisan","","STSA","CAHI","Calidris himantopus"
"","Temminck's Stint","","","temsti","","TEST","CATE","Calidris temminckii"
"","Red-necked Stint","","","rensti","","RNST","CARU","Calidris ruficollis"
"","Spoon-billed Sandpiper","","","spbsan1","","SBSA","CAPY","Calidris pygmaea"
"","Buff-breasted Sandpiper","","","bubsan","","BBSA","CASU","Calidris subruficollis"
"","Sanderling","","","sander","","SAND","CAAL","Calidris alba"
"","Dunlin","","","dunlin","","DUNL","CAAL","Calidris alpina"
"","Purple Sandpiper","","","pursan","","PUSA","CAMA","Calidris maritima"
"","Rock Sandpiper","","","rocsan","","ROSA","CAPT","Calidris ptilocnemis"
"","Little Stint","","","litsti","","LIST","CAMI","Calidris minuta"
"","White-rumped Sandpiper","","","whrsan","","WRSA","CAFU","Calidris fuscicollis"
"","Pectoral Sandpiper","","","pecsan","","PESA","CAME","Calidris melanotos"
"","Western Sandpiper","","","wessan","","WESA","CAMA","Calidris mauri"
"","Semipalmated Sandpiper","","","semsan","","SESA","CAPU","Calidris pusilla"
"","Long-tailed Jaeger","","","lotjae","LTSK","LTJA","STLO","Stercorarius longicaudus"
"","Pomarine Jaeger","","","pomjae","POSK","POJA","STPO","Stercorarius pomarinus"
"","South Polar Skua","","","sopsku1","","SPSK","STMA","Stercorarius maccormicki"
"","Crested Auklet","","","creauk","","CRAU","AECR","Aethia cristatella"
"","Parakeet Auklet","","","parauk","","PAAU","AEPS","Aethia psittacula"
"","Kittlitz's Murrelet","","","kitmur","","KIMU","BRBR","Brachyramphus brevirostris"
"","Dovekie","","","doveki","LIAU","DOVE","ALAL","Alle alle"
"","Scripps's Murrelet","","","xanmur2","","SCMU","SYSC","Synthliboramphus scrippsi"
"","Guadalupe Murrelet","","","xanmur1","","GUMU","SYHY","Synthliboramphus hypoleucus"
"","Little Gull","","","litgul","","LIGU","HYMI","Hydrocoloeus minutus"
"","Ross's Gull","","","rosgul","","ROGU","RHRO","Rhodostethia rosea"
"","Red-legged Kittiwake","","","relkit","","RLKI","RIBR","Rissa brevirostris"
"","Ivory Gull","","","ivogul","","IVGU","PAEB","Pagophila eburnea"
"","Sabine's Gull","","","sabgul","","SAGU","XESA","Xema sabini"
"","Black-headed Gull","","","bkhgul","","BHGU","CHRI","Chroicocephalus ridibundus"
"","Laughing Gull","","","laugul","","LAGU","LEAT","Leucophaeus atricilla"
"","Black-tailed Gull","","","bktgul","","BTGU","LACR","Larus crassirostris"
"","Heermann's Gull","","","heegul","HEGU","HEEG","LAHE","Larus heermanni"
"","Short-billed Gull","","","mewgul2","MEGU SBGU","SBIG","LABR","Larus brachyrhynchus"
"","Great Black-backed Gull","","","gbbgul","","GBBG","LAMA","Larus marinus"
"","Glaucous Gull","","","glagul","","GLGU","LAHY","Larus hyperboreus"
"","Herring x Glaucous Gull (hybrid)","","","nelgul","AHHG EHGU GLGU HEGU HERG","","LAAR LAHY","Larus argentatus x hyperboreus"
"","Lesser Black-backed Gull","","","lbbgul","","LBBG","LAFU","Larus fuscus"
"","Herring x Glaucous-winged Gull (hybrid)","","","x00050","AHHG EHGU HEGU HERG GWGU","","LAAR LAGL","Larus argentatus x glaucescens"
"","Glaucous x Glaucous-winged Gull (hybrid)","","","x00048","GLGU GWGU","","LAGL LAHY","Larus hyperboreus x glaucescens"
"","Slaty-backed Gull","","","slbgul","SBGU","SBAG","LASC","Larus schistisagus"
"","Glaucous-winged x Slaty-backed Gull (hybrid)","","","x00436","GWGU SBAG SBGU","","LAGL LASC","Larus glaucescens x schistisagus"
"","Iceland Gull","","","y00478","","ICGU","LAGL","Larus glaucoides"
"","Least Tern","","","leater1","","LETE","STAN","Sternula antillarum"
"","Elegant Tern","","","eleter1","","ELTE","THEL","Thalasseus elegans"
"","Arctic Loon","","","arcloo","BTDI BTLO","ARLO","GAAR","Gavia arctica"
"","Yellow-billed Loon","","","yebloo","WBDI","YBLO","GAAD","Gavia adamsii"
"","Laysan Albatross","","","layalb","","LAAL","PHIM","Phoebastria immutabilis"
"","Black-footed Albatross","","","bkfalb","","BFAL","PHNI","Phoebastria nigripes"
"","Short-tailed Albatross","","","shtalb","","STAL","PHAL","Phoebastria albatrus"
"","Murphy's Petrel","","","murpet","","MUPE","PTUL","Pterodroma ultima"
"","Mottled Petrel","","","motpet","","MOPE","PTIN","Pterodroma inexpectata"
"","Hawaiian Petrel","","","hawpet1","","HAPE","PTSA","Pterodroma sandwichensis"
"","Cook's Petrel","","","coopet","","COPE","PTCO","Pterodroma cookii"
"","Pink-footed Shearwater","","","pifshe","","PFSH","ARCR","Ardenna creatopus"
"","Flesh-footed Shearwater","","","flfshe","","FFSH","ARCA","Ardenna carneipes"
"","Great Shearwater","","","greshe","","GRSH","ARGR","Ardenna gravis"
"","Buller's Shearwater","","","bulshe","BUSH","BULS","ARBU","Ardenna bulleri"
"","Sooty Shearwater","","","sooshe","","SOSH","ARGR","Ardenna grisea"
"","Short-tailed Shearwater","","","shtshe","STSH","STTS","ARTE","Ardenna tenuirostris"
"","Manx Shearwater","","","manshe","","MASH","PUPU","Puffinus puffinus"
"","Black-vented Shearwater","","","bkvshe","","BVSH","PUOP","Puffinus opisthomelas"
"","Wood Stork","","","woosto","","WOST","MYAM","Mycteria americana"
"","Brown Booby","","","brnboo","","BRBO","SULE","Sula leucogaster"
"","Nazca Booby","","","nazboo1","","NABO","SUGR","Sula granti"
"","Red-faced Cormorant","","","refcor","","RFCO","URUR","Urile urile"
"","Brown Pelican","","","brnpel","","BRPE","PEOC","Pelecanus occidentalis"
"","Black-crowned Night Heron","","","bcnher","","BCNH","NYNY","Nycticorax nycticorax"
"","Little Blue Heron","","","libher","","LBHE","EGCA","Egretta caerulea"
"","Snowy Egret","","","snoegr","","SNEG","EGTH","Egretta thula"
"","Western Cattle Egret","","","categr1","WCEG","CAEG","BUIB","Bubulcus ibis"
"","Great Egret","","","greegr","WHHE GWEG","GREG","ARAL","Ardea alba"
"","White-faced Ibis","","","whfibi","","WFIB","PLCH","Plegadis chihi"
"","Black Vulture","","","blkvul","ABVU","BLVU","COAT","Coragyps atratus"
"","White-tailed Kite","","","whtkit","","WTKI","ELLE","Elanus leucurus"
"","American Goshawk","","","norgos","NOGO AMGO","AGOS","ACAT","Accipiter atricapillus"
"","Harris's Hawk","","","hrshaw","","HAHA","PAUN","Parabuteo unicinctus"
"","Red-shouldered Hawk","","","reshaw","","RSHA","BULI","Buteo lineatus"
"","Rough-legged Hawk","","","rolhaw","RLBU","RLHA","BULA","Buteo lagopus"
"","Red-tailed x Rough-legged Hawk (hybrid)","","","x00731","RLHA RTHA RLBU","","BUJA BULA","Buteo jamaicensis x lagopus"
"","Snowy Owl","","","snoowl1","","SNOW","BUSC","Bubo scandiacus"
"","Yellow-bellied x Red-naped Sapsucker (hybrid)","","","x00634","RNSA YBSA","","SPNU SPVA","Sphyrapicus varius x nuchalis"
"","Yellow-bellied x Red-breasted Sapsucker (hybrid)","","","x00712","RBSA YBSA","","SPRU SPVA","Sphyrapicus varius x ruber"
"","Red-naped x Red-breasted Sapsucker (hybrid)","","","rnxsap1","RBSA RNSA","","SPNU SPRU","Sphyrapicus nuchalis x ruber"
"","Red-headed Woodpecker","","","rehwoo","","RHWO","MEER","Melanerpes erythrocephalus"
"","Acorn Woodpecker","","","acowoo","","ACWO","MEFO","Melanerpes formicivorus"
"","Crested Caracara","","","y00678","","CRCA","CAPL","Caracara plancus"
"","Cockatiel","","","cockat","COCK","","NYHO","Nymphicus hollandicus"
"","Budgerigar","","","budger","","BUDG","MEUN","Melopsittacus undulatus"
"","Monk Parakeet","","","monpar","","MOPA","MYMO","Myiopsitta monachus"
"","Western Flycatcher","","","wesfly","PSFL","WEFL","EMDI","Empidonax difficilis"
"","Black Phoebe","","","blkpho","","BLPH","SANI","Sayornis nigricans"
"","Vermilion Flycatcher","","","verfly","VFSP","VEFL","PYRU","Pyrocephalus rubinus"
"","Ash-throated Flycatcher","","","astfly","","ATFL","MYCI","Myiarchus cinerascens"
"","Great Crested Flycatcher","","","grcfly","","GCFL","MYCR","Myiarchus crinitus"
"","Tropical Kingbird","","","trokin","","TRKI","TYME","Tyrannus melancholicus"
"","Western x Eastern Kingbird (hybrid)","","","x00718","WEKI EAKI","","TYTY TYVE","Tyrannus verticalis x tyrannus"
"","Scissor-tailed Flycatcher","","","sctfly","","STFL","TYFO","Tyrannus forficatus"
"","Black-capped Vireo","","","bkcvir1","","BCVI","VIAT","Vireo atricapilla"
"","White-eyed Vireo","","","whevir","","WEVI","VIGR","Vireo griseus"
"","Bell's Vireo","","","belvir","","BEVI","VIBE","Vireo bellii"
"","Yellow-green Vireo","","","yegvir","","YGVI","VIFL","Vireo flavoviridis"
"","Red-backed Shrike","","","rebshr1","","RBSH","LACO","Lanius collurio"
"","Brown Shrike","","","brnshr","BRSH","BROS","LACR","Lanius cristatus"
"","Loggerhead Shrike","","","logshr","","LOSH","LALU","Lanius ludovicianus"
"","Canada Jay","","","gryjay","GRJA","CAJA","PECA","Perisoreus canadensis"
"","Pinyon Jay","","","pinjay","","PIJA","GYCY","Gymnorhinus cyanocephalus"
"","Steller's x Blue Jay (hybrid)","","","x00622","BLJA STJA","","CYST CYCR","Cyanocitta stelleri x cristata"
"","California Scrub-Jay","","","cowscj1","CSJA WSJA","CASJ","APCA","Aphelocoma californica"
"","Steller's Jay x California Scrub-Jay (hybrid)","","","x00964","CSJA CASJ WSJA STJA","","CYST APCA","Cyanocitta stelleri x Aphelocoma californica"
"","Black-capped x Mountain Chickadee (hybrid)","","","x00623","BCCH MOCH","","POGA POAT","Poecile atricapillus x gambeli"
"","Eurasian Skylark","","","skylar","SKYL","EUSK","ALAR","Alauda arvensis"
"","Violet-green x Cliff Swallow (hybrid)","","","x00661","ACSW VGSW CLSW","","TATH PEPY","Tachycineta thalassina x Petrochelidon pyrrhonota"
"","Cave Swallow","","","cavswa","","CASW","PEFU","Petrochelidon fulva"
"","Yellow-browed Warbler","","","yebwar3","","YBWA","PHIN","Phylloscopus inornatus"
"","Blue-gray Gnatcatcher","","","buggna","","BGGN","POCA","Polioptila caerulea"
"","Sedge Wren","","","sedwre1","","SEWR","CIST","Cistothorus stellaris"
"","Crested Myna","","","cremyn","CRMY","","ACCR","Acridotheres cristatellus"
"","Eastern Bluebird","","","easblu","","EABL","SISI","Sialia sialis"
"","Wood Thrush","","","woothr","","WOTH","HYMU","Hylocichla mustelina"
"","Redwing","","","redwin","","REDW","TUIL","Turdus iliacus"
"","Fieldfare","","","fieldf","","FIEL","TUPI","Turdus pilaris"
"","Dusky Thrush","","","dusthr2","","DUTH","TUEU","Turdus eunomus"
"","Red-flanked Bluetail","","","refblu","OFBR","RFBL","TACY","Tarsiger cyanurus"
"","Northern Wheatear","","","norwhe","","NOWH","OEOE","Oenanthe oenanthe"
"","Zebra Finch","","","zebfin2","SZFI TZFI ZEFI","","TAGU","Taeniopygia guttata"
"","White-rumped Munia","","","whrmun","WRMU","","LOST","Lonchura striata"
"","Siberian Accentor","","","sibacc","","SIAC","PRMO","Prunella montanella"
"","Eurasian Tree Sparrow","","","eutspa","","ETSP","PAMO","Passer montanus"
"","Eastern Yellow Wagtail","","","eaywag","","EYWA","MOTS","Motacilla tschutschensis"
"","Citrine Wagtail","","","citwag","","CIWA","MOCI","Motacilla citreola"
"","White Wagtail","","","whiwag","PWWA","WHWA","MOAL","Motacilla alba"
"","Red-throated Pipit","","","retpip","","RTPI","ANCE","Anthus cervinus"
"","Brambling","","","brambl","","BRAM","FRMO","Fringilla montifringilla"
"","Eurasian Bullfinch","","","eurbul","","EUBU","PYPY","Pyrrhula pyrrhula"
"","Oriental Greenfinch","","","origre","GCGR","ORGR","CHSI","Chloris sinica"
"","Hoary Redpoll","","","hoared","REDP ARRE","HORE","ACHO","Acanthis hornemanni"
"","European Goldfinch","","","eurgol","EUGO","EGOL","CACA","Carduelis carduelis"
"","Pine Siskin x American Goldfinch (hybrid)","","","x00905","AGOL AMGO PISI","","SPPI SPTR","Spinus pinus x tristis"
"","Lapland Longspur","","","laplon","LABU","LALO","CALA","Calcarius lapponicus"
"","Chestnut-collared Longspur","","","chclon","","CCLO","CAOR","Calcarius ornatus"
"","Thick-billed Longspur","","","mcclon","","TBLO","RHMC","Rhynchophanes mccownii"
"","McKay's Bunting","","","mckbun","MCBU","MKBU","PLHY","Plectrophenax hyperboreus"
"","Pine Bunting","","","pinbun","","PIBU","EMLE","Emberiza leucocephalos"
"","Pallas's Bunting","","","palbun","PRBU PABU","PALB","EMPA","Emberiza pallasi"
"","Rustic Bunting","","","rusbun","","RUBU","EMRU","Emberiza rustica"
"","Field Sparrow","","","fiespa","","FISP","SPPU","Spizella pusilla"
"","White-crowned x Golden-crowned Sparrow (hybrid)","","","x00053","GCSP WCSP","","ZOLE ZOAT","Zonotrichia leucophrys x atricapilla"
"","Harris's Sparrow","","","harspa","","HASP","ZOQU","Zonotrichia querula"
"","Golden-crowned x White-throated Sparrow (hybrid)","","","x00720","GCSP WTSP","","ZOAL ZOAT","Zonotrichia atricapilla x albicollis"
"","Dark-eyed Junco x White-throated Sparrow (hybrid)","","","x00039","WTSP DEJU","","JUHY ZOAL","Junco hyemalis x Zonotrichia albicollis"
"","Sagebrush Sparrow","","","sagspa1","SASP","SABS","ARNE","Artemisiospiza nevadensis"
"","LeConte's Sparrow","","","lecspa","LESP","LCSP","AMLE","Ammospiza leconteii"
"","Green-tailed Towhee","","","gnttow","","GTTO","PICH","Pipilo chlorurus"
"","Orchard Oriole","","","orcori","","OROR","ICSP","Icterus spurius"
"","Hooded Oriole","","","hooori","","HOOR","ICCU","Icterus cucullatus"
"","Bullock's x Baltimore Oriole (hybrid)","","","x00013","BAOR BUOR","BBOH","ICGA ICBU","Icterus bullockii x galbula"
"","Great-tailed Grackle","","","grtgra","","GTGR","QUME","Quiscalus mexicanus"
"","Golden-winged Warbler","","","gowwar","","GWWA","VECH","Vermivora chrysoptera"
"","Lucy's Warbler","","","lucwar","","LUWA","LELU","Leiothlypis luciae"
"","MacGillivray's x Mourning Warbler (hybrid)","","","x00699","MGWA MOWA MAWA","","GETO GEPH","Geothlypis tolmiei x philadelphia"
"","Hooded Warbler","","","hoowar","","HOWA","SECI","Setophaga citrina"
"","Northern Parula","","","norpar","","NOPA","SEAM","Setophaga americana"
"","Blackburnian Warbler","","","bkbwar","BLWA","BLBW","SEFU","Setophaga fusca"
"","Pine Warbler","","","pinwar","","PIWA","SEPI","Setophaga pinus"
"","Yellow-throated Warbler","","","yetwar","","YTWA","SEDO","Setophaga dominica"
"","Prairie Warbler","","","prawar","PRWA","PRAW","SEDI","Setophaga discolor"
"","Black-throated Gray x Townsend's Warbler (hybrid)","","","x00867","BTGW TOWA BTYW","","SENI SETO","Setophaga nigrescens x townsendi"
"","Townsend's x Hermit Warbler (hybrid)","","","x00059","HEWA TOWA","THWH","SEOC SETO","Setophaga townsendi x occidentalis"
"","Townsend's x Black-throated Green Warbler (hybrid)","","","x00664","BTNW BTGW TOWA","","SETO SEVI","Setophaga townsendi x virens"
"","Painted Redstart","","","paired","PAWH","PARE","MYPI","Myioborus pictus"
"","Scarlet Tanager","","","scatan","","SCTA","PIOL","Piranga olivacea"
"","Northern Cardinal","","","norcar","","NOCA","CACA","Cardinalis cardinalis"
"","Rose-breasted x Black-headed Grosbeak (hybrid)","","","x00448","RBGR BHGR","","PHLU PHME","Pheucticus ludovicianus x melanocephalus"
"","Blue Grosbeak","","","blugrb1","","BLGR","PACA","Passerina caerulea"
"","Lazuli x Indigo Bunting (hybrid)","","","ixlbun","INBU LAZB LABU","ILBH","PAAM PACY","Passerina amoena x cyanea"
"","Painted Bunting","","","paibun","","PABU","PACI","Passerina ciris"
"","Dickcissel","","","dickci","","DICK","SPAM","Spiza americana"
"","Saffron Finch","","","saffin","","SAFI","SIFL","Sicalis flaveola"
"","Red-tailed Hawk (abieticola)","","","rethaw4","RTHA","","BUJA","Buteo jamaicensis abieticola"
"","Red-tailed Hawk (solitudinis)","","","rethaw3","RTHA","","BUJA","Buteo jamaicensis solitudinis"
"","Red-tailed Hawk (jamaicensis)","","","rethaw2","RTHA","","BUJA","Buteo jamaicensis jamaicensis"
"","Red-tailed Hawk (costaricensis)","","","rethaw1","RTHA","","BUJA","Buteo jamaicensis costaricensis"
"","Red-tailed Hawk (umbrinus)","","","rethaw8","RTHA","","BUJA","Buteo jamaicensis umbrinus"
"","Red-tailed Hawk (socorroensis)","","","rethaw7","RTHA","","BUJA","Buteo jamaicensis socorroensis"
"","Red-tailed Hawk (fumosus)","","","rethaw6","RTHA","","BUJA","Buteo jamaicensis fumosus"
"","Red-tailed Hawk (borealis)","","","erthaw1","RTHA","","BUJA","Buteo jamaicensis borealis"
"","Red-tailed Hawk (kemsiesi/hadropus)","","","rethaw5","RTHA","","BUJA","Buteo jamaicensis kemsiesi/hadropus"
"","Red-tailed Hawk (fuertesi)","","","frthaw1","RTHA","","BUJA","Buteo jamaicensis fuertesi"
"","Red-tailed Hawk (calurus/alascensis)","","","wrthaw1","RTHA","","BUJA","Buteo jamaicensis calurus/alascensis"
"","Red-tailed Hawk (calurus/abieticola)","","","rethaw9","RTHA","","BUJA","Buteo jamaicensis calurus/abieticola"
"","Red-tailed Hawk (Krider's)","","","krthaw1","RTHA","","BUJA","Buteo jamaicensis kriderii"
"","Yellow-rumped Warbler (West Mexico)","","","yerwar1","AUWA MYWA YRWA","","SECO","Setophaga coronata nigrifrons"
"","Yellow-rumped Warbler (Myrtle x Audubon's)","","","yerwar3","MYWA YRWA","","SECO","Setophaga coronata coronata x auduboni"
"","Yellow-rumped Warbler (Goldman's)","","","yerwar2","MYWA YRWA GOWA","","SECO","Setophaga coronata goldmani"
