"speciesCode","comNameCode","bandingCode","comName","sciNameCode","sciName","familyComName","familySciName","familyCode","order"
"emu1","EMU COEM","","Emu","DRNO","Dromaius novaehollandiae","Cassowaries and Emu","Casuariidae","casuar1","Casuariiformes"
"bahgoo","BHGO","","Bar-headed Goose","ANIN","Anser indicus","Ducks, Geese, and Waterfowl","Anatidae","anatid1","Anseriformes"
"empgoo","","EMGO","Emperor Goose","ANCA","Anser canagicus","Ducks, Geese, and Waterfowl","Anatidae","anatid1","Anseriformes"
"snogoo","","SNGO","Snow Goose","ANCA","Anser caerulescens","Ducks, Geese, and Waterfowl","Anatidae","anatid1","Anseriformes"
"rosgoo","","ROGO","Ross's Goose","ANRO","Anser rossii","Ducks, Geese, and Waterfowl","Anatidae","anatid1","Anseriformes"
"sxrgoo1","SNGO ROGO","SRGH","Snow x Ross's Goose (hybrid)","ANRO ANCA","Anser caerulescens x rossii","Ducks, Geese, and Waterfowl","Anatidae","anatid1","Anseriformes"
"gragoo","","GRGO","Graylag Goose","ANAN","Anser anser","Ducks, Geese, and Waterfowl","Anatidae","anatid1","Anseriformes"
"swagoo1","SWGO","","Swan Goose","ANCY","Anser cygnoides","Ducks, Geese, and Waterfowl","Anatidae","anatid1","Anseriformes"
"x00776","GRGO SWGO","","Graylag x Swan Goose (hybrid)","ANAN ANCY","Anser anser x cygnoides","Ducks, Geese, and Waterfowl","Anatidae","anatid1","Anseriformes"
"gwfgoo","","GWFG","Greater White-fronted Goose","ANAL","Anser albifrons","Ducks, Geese, and Waterfowl","Anatidae","anatid1","Anseriformes"
"taibeg1","BEGO TBGO","TABG","Taiga Bean-Goose","ANFA","Anser fabalis","Ducks, Geese, and Waterfowl","Anatidae","anatid1","Anseriformes"
"pifgoo","","PFGO","Pink-footed Goose","ANBR","Anser brachyrhynchus","Ducks, Geese, and Waterfowl","Anatidae","anatid1","Anseriformes"
"brant","BRGO","BRAN","Brant","BRBE","Branta bernicla","Ducks, Geese, and Waterfowl","Anatidae","anatid1","Anseriformes"
"bargoo","BAGO","BARG","Barnacle Goose","BRLE","Branta leucopsis","Ducks, Geese, and Waterfowl","Anatidae","anatid1","Anseriformes"
"cacgoo1","CAGO","CACG","Cackling Goose","BRHU","Branta hutchinsii","Ducks, Geese, and Waterfowl","Anatidae","anatid1","Anseriformes"
"x00414","GWFG CACG CAGO","","Greater White-fronted x Cackling Goose (hybrid)","ANAL BRHU","Anser albifrons x Branta hutchinsii","Ducks, Geese, and Waterfowl","Anatidae","anatid1","Anseriformes"
"cangoo","CAGO","CANG","Canada Goose","BRCA","Branta canadensis","Ducks, Geese, and Waterfowl","Anatidae","anatid1","Anseriformes"
"swagoo3","CANG CAGO SWGO","","Swan Goose x Canada Goose (hybrid)","ANCY BRCA","Anser cygnoides x Branta canadensis","Ducks, Geese, and Waterfowl","Anatidae","anatid1","Anseriformes"
"x00415","CANG GWFG CAGO","","Greater White-fronted x Canada Goose (hybrid)","BRCA ANAL","Anser albifrons x Branta canadensis","Ducks, Geese, and Waterfowl","Anatidae","anatid1","Anseriformes"
"x00758","CANG CAGO GRGO","","Graylag x Canada Goose (hybrid)","ANAN BRCA","Anser anser x Branta canadensis","Ducks, Geese, and Waterfowl","Anatidae","anatid1","Anseriformes"
"x00759","","","Domestic goose sp. x Canada Goose (hybrid)","","Anser sp. (Domestic type) x Branta canadensis","Ducks, Geese, and Waterfowl","Anatidae","anatid1","Anseriformes"
"mutswa","","MUSW","Mute Swan","CYOL","Cygnus olor","Ducks, Geese, and Waterfowl","Anatidae","anatid1","Anseriformes"
"blkswa","BLSW","","Black Swan","CYAT","Cygnus atratus","Ducks, Geese, and Waterfowl","Anatidae","anatid1","Anseriformes"
"truswa","TRSW","TRUS","Trumpeter Swan","CYBU","Cygnus buccinator","Ducks, Geese, and Waterfowl","Anatidae","anatid1","Anseriformes"
"x00832","MUSW TRSW TRUS","","Mute x Trumpeter Swan (hybrid)","CYOL CYBU","Cygnus olor x buccinator","Ducks, Geese, and Waterfowl","Anatidae","anatid1","Anseriformes"
"tunswa","BESW","TUSW","Tundra Swan","CYCO","Cygnus columbianus","Ducks, Geese, and Waterfowl","Anatidae","anatid1","Anseriformes"
"whoswa","WHSW","WHOS","Whooper Swan","CYCY","Cygnus cygnus","Ducks, Geese, and Waterfowl","Anatidae","anatid1","Anseriformes"
"egygoo","","EGGO","Egyptian Goose","ALAE","Alopochen aegyptiaca","Ducks, Geese, and Waterfowl","Anatidae","anatid1","Anseriformes"
"rudshe","","RUSH","Ruddy Shelduck","TAFE","Tadorna ferruginea","Ducks, Geese, and Waterfowl","Anatidae","anatid1","Anseriformes"
"musduc","","MUDU","Muscovy Duck","CAMO","Cairina moschata","Ducks, Geese, and Waterfowl","Anatidae","anatid1","Anseriformes"
"rintea1","RITE","","Ringed Teal","CALE","Callonetta leucophrys","Ducks, Geese, and Waterfowl","Anatidae","anatid1","Anseriformes"
"wooduc","CWDU","WODU","Wood Duck","AISP","Aix sponsa","Ducks, Geese, and Waterfowl","Anatidae","anatid1","Anseriformes"
"manduc","MADU","","Mandarin Duck","AIGA","Aix galericulata","Ducks, Geese, and Waterfowl","Anatidae","anatid1","Anseriformes"
"x00833","WODU CWDU MADU","","Wood x Mandarin Duck (hybrid)","AIGA AISP","Aix sponsa x galericulata","Ducks, Geese, and Waterfowl","Anatidae","anatid1","Anseriformes"
"baitea","","BATE","Baikal Teal","SIFO","Sibirionetta formosa","Ducks, Geese, and Waterfowl","Anatidae","anatid1","Anseriformes"
"gargan","","GARG","Garganey","SPQU","Spatula querquedula","Ducks, Geese, and Waterfowl","Anatidae","anatid1","Anseriformes"
"buwtea","","BWTE","Blue-winged Teal","SPDI","Spatula discors","Ducks, Geese, and Waterfowl","Anatidae","anatid1","Anseriformes"
"cintea","","CITE","Cinnamon Teal","SPCY","Spatula cyanoptera","Ducks, Geese, and Waterfowl","Anatidae","anatid1","Anseriformes"
"bwxtea1","CITE BWTE","","Blue-winged x Cinnamon Teal (hybrid)","SPDI SPCY","Spatula discors x cyanoptera","Ducks, Geese, and Waterfowl","Anatidae","anatid1","Anseriformes"
"norsho","NOSH","NSHO","Northern Shoveler","SPCL","Spatula clypeata","Ducks, Geese, and Waterfowl","Anatidae","anatid1","Anseriformes"
"x00629","NSHO BWTE NOSH","","Blue-winged Teal x Northern Shoveler (hybrid)","SPCL SPDI","Spatula discors x clypeata","Ducks, Geese, and Waterfowl","Anatidae","anatid1","Anseriformes"
"x00630","CITE NSHO NOSH","","Cinnamon Teal x Northern Shoveler (hybrid)","SPCL SPCY","Spatula cyanoptera x clypeata","Ducks, Geese, and Waterfowl","Anatidae","anatid1","Anseriformes"
"gadwal","","GADW","Gadwall","MAST","Mareca strepera","Ducks, Geese, and Waterfowl","Anatidae","anatid1","Anseriformes"
"falduc","","FADU","Falcated Duck","MAFA","Mareca falcata","Ducks, Geese, and Waterfowl","Anatidae","anatid1","Anseriformes"
"eurwig","","EUWI","Eurasian Wigeon","MAPE","Mareca penelope","Ducks, Geese, and Waterfowl","Anatidae","anatid1","Anseriformes"
"amewig","","AMWI","American Wigeon","MAAM","Mareca americana","Ducks, Geese, and Waterfowl","Anatidae","anatid1","Anseriformes"
"x00724","AMWI GADW","","Gadwall x American Wigeon (hybrid)","MAST MAAM","Mareca strepera x americana","Ducks, Geese, and Waterfowl","Anatidae","anatid1","Anseriformes"
"x00421","AMWI EUWI","","Eurasian x American Wigeon (hybrid)","MAPE MAAM","Mareca penelope x americana","Ducks, Geese, and Waterfowl","Anatidae","anatid1","Anseriformes"
"mallar3","","MALL","Mallard","ANPL","Anas platyrhynchos","Ducks, Geese, and Waterfowl","Anatidae","anatid1","Anseriformes"
"mdxmal1","MUDU MALL","","Muscovy Duck x Mallard (hybrid)","ANPL CAMO","Cairina moschata x Anas platyrhynchos","Ducks, Geese, and Waterfowl","Anatidae","anatid1","Anseriformes"
"x00612","NSHO NOSH MALL","","Northern Shoveler x Mallard (hybrid)","SPCL ANPL","Spatula clypeata x Anas platyrhynchos","Ducks, Geese, and Waterfowl","Anatidae","anatid1","Anseriformes"
"x00420","GADW MALL","","Gadwall x Mallard (hybrid)","MAST ANPL","Mareca strepera x Anas platyrhynchos","Ducks, Geese, and Waterfowl","Anatidae","anatid1","Anseriformes"
"x00611","AMWI MALL","","American Wigeon x Mallard (hybrid)","ANPL MAAM","Mareca americana x Anas platyrhynchos","Ducks, Geese, and Waterfowl","Anatidae","anatid1","Anseriformes"
"ambduc","","ABDU","American Black Duck","ANRU","Anas rubripes","Ducks, Geese, and Waterfowl","Anatidae","anatid1","Anseriformes"
"x00004","ABDU MALL","MBDH","Mallard x American Black Duck (hybrid)","ANRU ANPL","Anas platyrhynchos x rubripes","Ducks, Geese, and Waterfowl","Anatidae","anatid1","Anseriformes"
"whcpin","WCPI","WCHP","White-cheeked Pintail","ANBA","Anas bahamensis","Ducks, Geese, and Waterfowl","Anatidae","anatid1","Anseriformes"
"norpin","","NOPI","Northern Pintail","ANAC","Anas acuta","Ducks, Geese, and Waterfowl","Anatidae","anatid1","Anseriformes"
"x00610","GADW NOPI","","Gadwall x Northern Pintail (hybrid)","ANAC MAST","Mareca strepera x Anas acuta","Ducks, Geese, and Waterfowl","Anatidae","anatid1","Anseriformes"
"x00196","AMWI NOPI","","American Wigeon x Northern Pintail (hybrid)","ANAC MAAM","Mareca americana x Anas acuta","Ducks, Geese, and Waterfowl","Anatidae","anatid1","Anseriformes"
"x00628","NOPI MALL","","Mallard x Northern Pintail (hybrid)","ANAC ANPL","Anas platyrhynchos x acuta","Ducks, Geese, and Waterfowl","Anatidae","anatid1","Anseriformes"
"gnwtea","EUTE CWTE EWTE","GWTE","Green-winged Teal","ANCR","Anas crecca","Ducks, Geese, and Waterfowl","Anatidae","anatid1","Anseriformes"
"x00673","GWTE BWTE EUTE CWTE EWTE","","Blue-winged x Green-winged Teal (hybrid)","SPDI ANCR","Spatula discors x Anas crecca","Ducks, Geese, and Waterfowl","Anatidae","anatid1","Anseriformes"
"x00646","AMWI GWTE EUTE CWTE EWTE","","American Wigeon x Green-winged Teal (hybrid)","ANCR MAAM","Mareca americana x Anas crecca","Ducks, Geese, and Waterfowl","Anatidae","anatid1","Anseriformes"
"x00725","GWTE EUTE CWTE EWTE NOPI","","Northern Pintail x Green-winged Teal (hybrid)","ANAC ANCR","Anas acuta x crecca","Ducks, Geese, and Waterfowl","Anatidae","anatid1","Anseriformes"
"recpoc","RCPO","","Red-crested Pochard","NERU","Netta rufina","Ducks, Geese, and Waterfowl","Anatidae","anatid1","Anseriformes"
"canvas","","CANV","Canvasback","AYVA","Aythya valisineria","Ducks, Geese, and Waterfowl","Anatidae","anatid1","Anseriformes"
"redhea","","REDH","Redhead","AYAM","Aythya americana","Ducks, Geese, and Waterfowl","Anatidae","anatid1","Anseriformes"
"compoc","COPO","COMP","Common Pochard","AYFE","Aythya ferina","Ducks, Geese, and Waterfowl","Anatidae","anatid1","Anseriformes"
"rinduc","","RNDU","Ring-necked Duck","AYCO","Aythya collaris","Ducks, Geese, and Waterfowl","Anatidae","anatid1","Anseriformes"
"x00880","CANV RNDU","","Canvasback x Ring-necked Duck (hybrid)","AYVA AYCO","Aythya valisineria x collaris","Ducks, Geese, and Waterfowl","Anatidae","anatid1","Anseriformes"
"tufduc","","TUDU","Tufted Duck","AYFU","Aythya fuligula","Ducks, Geese, and Waterfowl","Anatidae","anatid1","Anseriformes"
"gresca","","GRSC","Greater Scaup","AYMA","Aythya marila","Ducks, Geese, and Waterfowl","Anatidae","anatid1","Anseriformes"
"x00779","GRSC RNDU","","Ring-necked Duck x Greater Scaup (hybrid)","AYCO AYMA","Aythya collaris x marila","Ducks, Geese, and Waterfowl","Anatidae","anatid1","Anseriformes"
"lessca","","LESC","Lesser Scaup","AYAF","Aythya affinis","Ducks, Geese, and Waterfowl","Anatidae","anatid1","Anseriformes"
"x00613","LESC RNDU","","Ring-necked Duck x Lesser Scaup (hybrid)","AYCO AYAF","Aythya collaris x affinis","Ducks, Geese, and Waterfowl","Anatidae","anatid1","Anseriformes"
"x00653","TUDU LESC","","Tufted Duck x Lesser Scaup (hybrid)","AYFU AYAF","Aythya fuligula x affinis","Ducks, Geese, and Waterfowl","Anatidae","anatid1","Anseriformes"
"x00377","CANV","","Canvasback x scaup sp. (hybrid)","AYVA","Aythya valisineria x marila/affinis","Ducks, Geese, and Waterfowl","Anatidae","anatid1","Anseriformes"
"x00681","REDH","","Redhead x scaup sp. (hybrid)","AYAM","Aythya americana x marila/affinis","Ducks, Geese, and Waterfowl","Anatidae","anatid1","Anseriformes"
"x00682","RNDU","","Ring-necked Duck x scaup sp. (hybrid)","AYCO","Aythya collaris x marila/affinis","Ducks, Geese, and Waterfowl","Anatidae","anatid1","Anseriformes"
"tdxsca1","TUDU","","Tufted Duck x scaup sp. (hybrid)","AYFU","Aythya fuligula x marila/affinis","Ducks, Geese, and Waterfowl","Anatidae","anatid1","Anseriformes"
"steeid","","STEI","Steller's Eider","POST","Polysticta stelleri","Ducks, Geese, and Waterfowl","Anatidae","anatid1","Anseriformes"
"kineid","","KIEI","King Eider","SOSP","Somateria spectabilis","Ducks, Geese, and Waterfowl","Anatidae","anatid1","Anseriformes"
"comeid","","COEI","Common Eider","SOMO","Somateria mollissima","Ducks, Geese, and Waterfowl","Anatidae","anatid1","Anseriformes"
"harduc","","HADU","Harlequin Duck","HIHI","Histrionicus histrionicus","Ducks, Geese, and Waterfowl","Anatidae","anatid1","Anseriformes"
"sursco","","SUSC","Surf Scoter","MEPE","Melanitta perspicillata","Ducks, Geese, and Waterfowl","Anatidae","anatid1","Anseriformes"
"whwsco2","","WWSC","White-winged Scoter","MEDE","Melanitta deglandi","Ducks, Geese, and Waterfowl","Anatidae","anatid1","Anseriformes"
"x00882","WWSC SUSC","","Surf x White-winged Scoter (hybrid)","MEDE MEPE","Melanitta perspicillata x deglandi","Ducks, Geese, and Waterfowl","Anatidae","anatid1","Anseriformes"
"blksco2","","BLSC","Black Scoter","MEAM","Melanitta americana","Ducks, Geese, and Waterfowl","Anatidae","anatid1","Anseriformes"
"lotduc","","LTDU","Long-tailed Duck","CLHY","Clangula hyemalis","Ducks, Geese, and Waterfowl","Anatidae","anatid1","Anseriformes"
"buffle","","BUFF","Bufflehead","BUAL","Bucephala albeola","Ducks, Geese, and Waterfowl","Anatidae","anatid1","Anseriformes"
"comgol","","COGO","Common Goldeneye","BUCL","Bucephala clangula","Ducks, Geese, and Waterfowl","Anatidae","anatid1","Anseriformes"
"x00655","BUFF COGO","","Bufflehead x Common Goldeneye (hybrid)","BUAL BUCL","Bucephala albeola x clangula","Ducks, Geese, and Waterfowl","Anatidae","anatid1","Anseriformes"
"x00909","BUFF","","Bufflehead x goldeneye sp. (hybrid)","BUAL","Bucephala albeola x clangula/islandica","Ducks, Geese, and Waterfowl","Anatidae","anatid1","Anseriformes"
"bargol","","BAGO","Barrow's Goldeneye","BUIS","Bucephala islandica","Ducks, Geese, and Waterfowl","Anatidae","anatid1","Anseriformes"
"cxbgol1","BAGO COGO","","Common x Barrow's Goldeneye (hybrid)","BUIS BUCL","Bucephala clangula x islandica","Ducks, Geese, and Waterfowl","Anatidae","anatid1","Anseriformes"
"smew","","SMEW","Smew","MEAL","Mergellus albellus","Ducks, Geese, and Waterfowl","Anatidae","anatid1","Anseriformes"
"hoomer","","HOME","Hooded Merganser","LOCU","Lophodytes cucullatus","Ducks, Geese, and Waterfowl","Anatidae","anatid1","Anseriformes"
"x00425","HOME COGO","","Common Goldeneye x Hooded Merganser (hybrid)","LOCU BUCL","Bucephala clangula x Lophodytes cucullatus","Ducks, Geese, and Waterfowl","Anatidae","anatid1","Anseriformes"
"x00426","BAGO HOME","","Barrow's Goldeneye x Hooded Merganser (hybrid)","BUIS LOCU","Bucephala islandica x Lophodytes cucullatus","Ducks, Geese, and Waterfowl","Anatidae","anatid1","Anseriformes"
"x00631","BAGO HOME COGO","","goldeneye sp. x Hooded Merganser (hybrid)","BUIS LOCU BUCL","Bucephala clangula/islandica x Lophodytes cucullatus","Ducks, Geese, and Waterfowl","Anatidae","anatid1","Anseriformes"
"commer","GOOS","COME","Common Merganser","MEME","Mergus merganser","Ducks, Geese, and Waterfowl","Anatidae","anatid1","Anseriformes"
"rebmer","","RBME","Red-breasted Merganser","MESE","Mergus serrator","Ducks, Geese, and Waterfowl","Anatidae","anatid1","Anseriformes"
"rudduc","","RUDU","Ruddy Duck","OXJA","Oxyura jamaicensis","Ducks, Geese, and Waterfowl","Anatidae","anatid1","Anseriformes"
"helgui","HEGU","HELG","Helmeted Guineafowl","NUME","Numida meleagris","Guineafowl","Numididae","numidi1","Galliformes"
"mouqua","MOQU","MOUQ","Mountain Quail","ORPI","Oreortyx pictus","New World Quail","Odontophoridae","odonto1","Galliformes"
"norbob","","NOBO","Northern Bobwhite","COVI","Colinus virginianus","New World Quail","Odontophoridae","odonto1","Galliformes"
"calqua","","CAQU","California Quail","CACA","Callipepla californica","New World Quail","Odontophoridae","odonto1","Galliformes"
"wiltur","","WITU","Wild Turkey","MEGA","Meleagris gallopavo","Pheasants, Grouse, and Allies","Phasianidae","phasia1","Galliformes"
"rufgro","","RUGR","Ruffed Grouse","BOUM","Bonasa umbellus","Pheasants, Grouse, and Allies","Phasianidae","phasia1","Galliformes"
"dusgro","","DUGR","Dusky Grouse","DEOB","Dendragapus obscurus","Pheasants, Grouse, and Allies","Phasianidae","phasia1","Galliformes"
"soogro1","","SOGR","Sooty Grouse","DEFU","Dendragapus fuliginosus","Pheasants, Grouse, and Allies","Phasianidae","phasia1","Galliformes"
"shtgro","","STGR","Sharp-tailed Grouse","TYPH","Tympanuchus phasianellus","Pheasants, Grouse, and Allies","Phasianidae","phasia1","Galliformes"
"whtpta1","","WTPT","White-tailed Ptarmigan","LALE","Lagopus leucura","Pheasants, Grouse, and Allies","Phasianidae","phasia1","Galliformes"
"wilpta","WIGR RGGR","WIPT","Willow Ptarmigan","LALA","Lagopus lagopus","Pheasants, Grouse, and Allies","Phasianidae","phasia1","Galliformes"
"rocpta1","","ROPT","Rock Ptarmigan","LAMU","Lagopus muta","Pheasants, Grouse, and Allies","Phasianidae","phasia1","Galliformes"
"sprgro","","SPGR","Spruce Grouse","CACA","Canachites canadensis","Pheasants, Grouse, and Allies","Phasianidae","phasia1","Galliformes"
"grypar","GRPA","GRAP","Gray Partridge","PEPE","Perdix perdix","Pheasants, Grouse, and Allies","Phasianidae","phasia1","Galliformes"
"golphe","GOPH","","Golden Pheasant","CHPI","Chrysolophus pictus","Pheasants, Grouse, and Allies","Phasianidae","phasia1","Galliformes"
"rinphe1","RNPH COPH","RNEP","Ring-necked Pheasant","PHCO","Phasianus colchicus","Pheasants, Grouse, and Allies","Phasianidae","phasia1","Galliformes"
"x01018","RNEP GRPH RNPH COPH","","Ring-necked x Green Pheasant (hybrid)","PHCO PHVE","Phasianus colchicus x versicolor","Pheasants, Grouse, and Allies","Phasianidae","phasia1","Galliformes"
"silphe","SIPH","","Silver Pheasant","LONY","Lophura nycthemera","Pheasants, Grouse, and Allies","Phasianidae","phasia1","Galliformes"
"compea","","INPE","Indian Peafowl","PACR","Pavo cristatus","Pheasants, Grouse, and Allies","Phasianidae","phasia1","Galliformes"
"comqua1","COQU","","Common Quail","COCO","Coturnix coturnix","Pheasants, Grouse, and Allies","Phasianidae","phasia1","Galliformes"
"chukar","CHPA","CHUK","Chukar","ALCH","Alectoris chukar","Pheasants, Grouse, and Allies","Phasianidae","phasia1","Galliformes"
"grefla2","","AMFL","American Flamingo","PHRU","Phoenicopterus ruber","Flamingos","Phoenicopteridae","phoeni1","Phoenicopteriformes"
"pibgre","","PBGR","Pied-billed Grebe","POPO","Podilymbus podiceps","Grebes","Podicipedidae","podici1","Podicipediformes"
"horgre","SLGR","HOGR","Horned Grebe","POAU","Podiceps auritus","Grebes","Podicipedidae","podici1","Podicipediformes"
"rengre","","RNGR","Red-necked Grebe","POGR","Podiceps grisegena","Grebes","Podicipedidae","podici1","Podicipediformes"
"eargre","BNGR","EAGR","Eared Grebe","PONI","Podiceps nigricollis","Grebes","Podicipedidae","podici1","Podicipediformes"
"wesgre","","WEGR","Western Grebe","AEOC","Aechmophorus occidentalis","Grebes","Podicipedidae","podici1","Podicipediformes"
"clagre","","CLGR","Clark's Grebe","AECL","Aechmophorus clarkii","Grebes","Podicipedidae","podici1","Podicipediformes"
"x00427","WEGR CLGR","","Western x Clark's Grebe (hybrid)","AEOC AECL","Aechmophorus occidentalis x clarkii","Grebes","Podicipedidae","podici1","Podicipediformes"
"rocpig","ROPI RODO","","Rock Pigeon","COLI","Columba livia","Pigeons and Doves","Columbidae","columb2","Columbiformes"
"batpig1","NBTP","BTPI","Band-tailed Pigeon","PAFA","Patagioenas fasciata","Pigeons and Doves","Columbidae","columb2","Columbiformes"
"ortdov","OTDO RTDO","ORTD","Oriental Turtle-Dove","STOR","Streptopelia orientalis","Pigeons and Doves","Columbidae","columb2","Columbiformes"
"eucdov","CODO ECDO","EUCD","Eurasian Collared-Dove","STDE","Streptopelia decaocto","Pigeons and Doves","Columbidae","columb2","Columbiformes"
"afcdov1","ACDO","AFCD","African Collared-Dove","STRO","Streptopelia roseogrisea","Pigeons and Doves","Columbidae","columb2","Columbiformes"
"whwdov","","WWDO","White-winged Dove","ZEAS","Zenaida asiatica","Pigeons and Doves","Columbidae","columb2","Columbiformes"
"moudov","","MODO","Mourning Dove","ZEMA","Zenaida macroura","Pigeons and Doves","Columbidae","columb2","Columbiformes"
"yebcuc","","YBCU","Yellow-billed Cuckoo","COAM","Coccyzus americanus","Cuckoos","Cuculidae","cuculi1","Cuculiformes"
"bkbcuc","","BBCU","Black-billed Cuckoo","COER","Coccyzus erythropthalmus","Cuckoos","Cuculidae","cuculi1","Cuculiformes"
"lesnig","","LENI","Lesser Nighthawk","CHAC","Chordeiles acutipennis","Nightjars and Allies","Caprimulgidae","caprim2","Caprimulgiformes"
"comnig","","CONI","Common Nighthawk","CHMI","Chordeiles minor","Nightjars and Allies","Caprimulgidae","caprim2","Caprimulgiformes"
"compoo","","COPO","Common Poorwill","PHNU","Phalaenoptilus nuttallii","Nightjars and Allies","Caprimulgidae","caprim2","Caprimulgiformes"
"blkswi","ABSW","BLSW","Black Swift","CYNI","Cypseloides niger","Swifts","Apodidae","apodid1","Caprimulgiformes"
"vauswi","","VASW","Vaux's Swift","CHVA","Chaetura vauxi","Swifts","Apodidae","apodid1","Caprimulgiformes"
"whtswi","","WTSW","White-throated Swift","AESA","Aeronautes saxatalis","Swifts","Apodidae","apodid1","Caprimulgiformes"
"maghum1","MAHU","RIHU","Rivoli's Hummingbird","EUFU","Eugenes fulgens","Hummingbirds","Trochilidae","trochi1","Caprimulgiformes"
"rthhum","","RTHU","Ruby-throated Hummingbird","ARCO","Archilochus colubris","Hummingbirds","Trochilidae","trochi1","Caprimulgiformes"
"bkchum","","BCHU","Black-chinned Hummingbird","ARAL","Archilochus alexandri","Hummingbirds","Trochilidae","trochi1","Caprimulgiformes"
"annhum","","ANHU","Anna's Hummingbird","CAAN","Calypte anna","Hummingbirds","Trochilidae","trochi1","Caprimulgiformes"
"x00651","ANHU BCHU","","Black-chinned x Anna's Hummingbird (hybrid)","CAAN ARAL","Archilochus alexandri x Calypte anna","Hummingbirds","Trochilidae","trochi1","Caprimulgiformes"
"coshum","","COHU","Costa's Hummingbird","CACO","Calypte costae","Hummingbirds","Trochilidae","trochi1","Caprimulgiformes"
"calhum","","CAHU","Calliope Hummingbird","SECA","Selasphorus calliope","Hummingbirds","Trochilidae","trochi1","Caprimulgiformes"
"rufhum","","RUHU","Rufous Hummingbird","SERU","Selasphorus rufus","Hummingbirds","Trochilidae","trochi1","Caprimulgiformes"
"x00738","BCHU RUHU","","Black-chinned x Rufous Hummingbird (hybrid)","ARAL SERU","Archilochus alexandri x Selasphorus rufus","Hummingbirds","Trochilidae","trochi1","Caprimulgiformes"
"x00626","ANHU RUHU","","Anna's x Rufous Hummingbird (hybrid)","CAAN SERU","Calypte anna x Selasphorus rufus","Hummingbirds","Trochilidae","trochi1","Caprimulgiformes"
"brthum","","BTHU","Broad-tailed Hummingbird","SEPL","Selasphorus platycercus","Hummingbirds","Trochilidae","trochi1","Caprimulgiformes"
"xanhum","","XAHU","Xantus's Hummingbird","BAXA","Basilinna xantusii","Hummingbirds","Trochilidae","trochi1","Caprimulgiformes"
"virrai","","VIRA","Virginia Rail","RALI","Rallus limicola","Rails, Gallinules, and Coots","Rallidae","rallid1","Gruiformes"
"sora","","SORA","Sora","POCA","Porzana carolina","Rails, Gallinules, and Coots","Rallidae","rallid1","Gruiformes"
"comgal1","AMMO","COGA","Common Gallinule","GAGA","Gallinula galeata","Rails, Gallinules, and Coots","Rallidae","rallid1","Gruiformes"
"y00475","","AMCO","American Coot","FUAM","Fulica americana","Rails, Gallinules, and Coots","Rallidae","rallid1","Gruiformes"
"yelrai","","YERA","Yellow Rail","CONO","Coturnicops noveboracensis","Rails, Gallinules, and Coots","Rallidae","rallid1","Gruiformes"
"demcra1","DECR","","Demoiselle Crane","ANVI","Anthropoides virgo","Cranes","Gruidae","gruida1","Gruiformes"
"sancra","","SACR","Sandhill Crane","ANCA","Antigone canadensis","Cranes","Gruidae","gruida1","Gruiformes"
"comcra","COCR","CCRA","Common Crane","GRGR","Grus grus","Cranes","Gruidae","gruida1","Gruiformes"
"bknsti","BWST BNBS","BNST","Black-necked Stilt","HIME","Himantopus mexicanus","Stilts and Avocets","Recurvirostridae","recurv1","Charadriiformes"
"ameavo","","AMAV","American Avocet","REAM","Recurvirostra americana","Stilts and Avocets","Recurvirostridae","recurv1","Charadriiformes"
"blkoys","","BLOY","Black Oystercatcher","HABA","Haematopus bachmani","Oystercatchers","Haematopodidae","haemat1","Charadriiformes"
"bkbplo","GRPL","BBPL","Black-bellied Plover","PLSQ","Pluvialis squatarola","Plovers and Lapwings","Charadriidae","charad1","Charadriiformes"
"amgplo","AGPL","AMGP","American Golden-Plover","PLDO","Pluvialis dominica","Plovers and Lapwings","Charadriidae","charad1","Charadriiformes"
"pagplo","PGPL","PAGP","Pacific Golden-Plover","PLFU","Pluvialis fulva","Plovers and Lapwings","Charadriidae","charad1","Charadriiformes"
"killde","","KILL","Killdeer","CHVO","Charadrius vociferus","Plovers and Lapwings","Charadriidae","charad1","Charadriiformes"
"corplo","RIPL","CRPL","Common Ringed Plover","CHHI","Charadrius hiaticula","Plovers and Lapwings","Charadriidae","charad1","Charadriiformes"
"semplo","","SEPL","Semipalmated Plover","CHSE","Charadrius semipalmatus","Plovers and Lapwings","Charadriidae","charad1","Charadriiformes"
"pipplo","","PIPL","Piping Plover","CHME","Charadrius melodus","Plovers and Lapwings","Charadriidae","charad1","Charadriiformes"
"lessap2","LSPL LSDO SISD LESA SISP SSPL SSDO","LSAP","Siberian Sand-Plover","ANMO","Anarhynchus mongolus","Plovers and Lapwings","Charadriidae","charad1","Charadriiformes"
"snoplo5","","SNPL","Snowy Plover","ANNI","Anarhynchus nivosus","Plovers and Lapwings","Charadriidae","charad1","Charadriiformes"
"uplsan","","UPSA","Upland Sandpiper","BALO","Bartramia longicauda","Sandpipers and Allies","Scolopacidae","scolop2","Charadriiformes"
"brtcur","","BTCU","Bristle-thighed Curlew","NUTA","Numenius tahitiensis","Sandpipers and Allies","Scolopacidae","scolop2","Charadriiformes"
"whimbr","EUWH","WHIM","Whimbrel","NUPH","Numenius phaeopus","Sandpipers and Allies","Scolopacidae","scolop2","Charadriiformes"
"lobcur","","LBCU","Long-billed Curlew","NUAM","Numenius americanus","Sandpipers and Allies","Scolopacidae","scolop2","Charadriiformes"
"faecur","EACU","FECU","Far Eastern Curlew","NUMA","Numenius madagascariensis","Sandpipers and Allies","Scolopacidae","scolop2","Charadriiformes"
"batgod","","BTGO","Bar-tailed Godwit","LILA","Limosa lapponica","Sandpipers and Allies","Scolopacidae","scolop2","Charadriiformes"
"hudgod","","HUGO","Hudsonian Godwit","LIHA","Limosa haemastica","Sandpipers and Allies","Scolopacidae","scolop2","Charadriiformes"
"margod","","MAGO","Marbled Godwit","LIFE","Limosa fedoa","Sandpipers and Allies","Scolopacidae","scolop2","Charadriiformes"
"shbdow","","SBDO","Short-billed Dowitcher","LIGR","Limnodromus griseus","Sandpipers and Allies","Scolopacidae","scolop2","Charadriiformes"
"lobdow","","LBDO","Long-billed Dowitcher","LISC","Limnodromus scolopaceus","Sandpipers and Allies","Scolopacidae","scolop2","Charadriiformes"
"wilsni1","","WISN","Wilson's Snipe","GADE","Gallinago delicata","Sandpipers and Allies","Scolopacidae","scolop2","Charadriiformes"
"wilpha","","WIPH","Wilson's Phalarope","PHTR","Phalaropus tricolor","Sandpipers and Allies","Scolopacidae","scolop2","Charadriiformes"
"redpha1","GRPH","REPH","Red Phalarope","PHFU","Phalaropus fulicarius","Sandpipers and Allies","Scolopacidae","scolop2","Charadriiformes"
"renpha","","RNPH","Red-necked Phalarope","PHLO","Phalaropus lobatus","Sandpipers and Allies","Scolopacidae","scolop2","Charadriiformes"
"tersan","","TESA","Terek Sandpiper","XECI","Xenus cinereus","Sandpipers and Allies","Scolopacidae","scolop2","Charadriiformes"
"sposan","","SPSA","Spotted Sandpiper","ACMA","Actitis macularius","Sandpipers and Allies","Scolopacidae","scolop2","Charadriiformes"
"solsan","","SOSA","Solitary Sandpiper","TRSO","Tringa solitaria","Sandpipers and Allies","Scolopacidae","scolop2","Charadriiformes"
"gyttat1","","GTTA","Gray-tailed Tattler","TRBR","Tringa brevipes","Sandpipers and Allies","Scolopacidae","scolop2","Charadriiformes"
"wantat1","","WATA","Wandering Tattler","TRIN","Tringa incana","Sandpipers and Allies","Scolopacidae","scolop2","Charadriiformes"
"woosan","","WOSA","Wood Sandpiper","TRGL","Tringa glareola","Sandpipers and Allies","Scolopacidae","scolop2","Charadriiformes"
"lesyel","","LEYE","Lesser Yellowlegs","TRFL","Tringa flavipes","Sandpipers and Allies","Scolopacidae","scolop2","Charadriiformes"
"willet1","","WILL","Willet","TRSE","Tringa semipalmata","Sandpipers and Allies","Scolopacidae","scolop2","Charadriiformes"
"spored","","SPRE","Spotted Redshank","TRER","Tringa erythropus","Sandpipers and Allies","Scolopacidae","scolop2","Charadriiformes"
"greyel","","GRYE","Greater Yellowlegs","TRME","Tringa melanoleuca","Sandpipers and Allies","Scolopacidae","scolop2","Charadriiformes"
"rudtur","","RUTU","Ruddy Turnstone","ARIN","Arenaria interpres","Sandpipers and Allies","Scolopacidae","scolop2","Charadriiformes"
"blktur","","BLTU","Black Turnstone","ARME","Arenaria melanocephala","Sandpipers and Allies","Scolopacidae","scolop2","Charadriiformes"
"redkno","","REKN","Red Knot","CACA","Calidris canutus","Sandpipers and Allies","Scolopacidae","scolop2","Charadriiformes"
"surfbi","","SURF","Surfbird","CAVI","Calidris virgata","Sandpipers and Allies","Scolopacidae","scolop2","Charadriiformes"
"ruff","","RUFF","Ruff","CAPU","Calidris pugnax","Sandpipers and Allies","Scolopacidae","scolop2","Charadriiformes"
"shtsan","STSA","SPTS","Sharp-tailed Sandpiper","CAAC","Calidris acuminata","Sandpipers and Allies","Scolopacidae","scolop2","Charadriiformes"
"cursan","","CUSA","Curlew Sandpiper","CAFE","Calidris ferruginea","Sandpipers and Allies","Scolopacidae","scolop2","Charadriiformes"
"stisan","","STSA","Stilt Sandpiper","CAHI","Calidris himantopus","Sandpipers and Allies","Scolopacidae","scolop2","Charadriiformes"
"temsti","","TEST","Temminck's Stint","CATE","Calidris temminckii","Sandpipers and Allies","Scolopacidae","scolop2","Charadriiformes"
"rensti","","RNST","Red-necked Stint","CARU","Calidris ruficollis","Sandpipers and Allies","Scolopacidae","scolop2","Charadriiformes"
"spbsan1","","SBSA","Spoon-billed Sandpiper","CAPY","Calidris pygmaea","Sandpipers and Allies","Scolopacidae","scolop2","Charadriiformes"
"bubsan","","BBSA","Buff-breasted Sandpiper","CASU","Calidris subruficollis","Sandpipers and Allies","Scolopacidae","scolop2","Charadriiformes"
"sander","","SAND","Sanderling","CAAL","Calidris alba","Sandpipers and Allies","Scolopacidae","scolop2","Charadriiformes"
"dunlin","","DUNL","Dunlin","CAAL","Calidris alpina","Sandpipers and Allies","Scolopacidae","scolop2","Charadriiformes"
"pursan","","PUSA","Purple Sandpiper","CAMA","Calidris maritima","Sandpipers and Allies","Scolopacidae","scolop2","Charadriiformes"
"rocsan","","ROSA","Rock Sandpiper","CAPT","Calidris ptilocnemis","Sandpipers and Allies","Scolopacidae","scolop2","Charadriiformes"
"baisan","","BASA","Baird's Sandpiper","CABA","Calidris bairdii","Sandpipers and Allies","Scolopacidae","scolop2","Charadriiformes"
"litsti","","LIST","Little Stint","CAMI","Calidris minuta","Sandpipers and Allies","Scolopacidae","scolop2","Charadriiformes"
"whrsan","","WRSA","White-rumped Sandpiper","CAFU","Calidris fuscicollis","Sandpipers and Allies","Scolopacidae","scolop2","Charadriiformes"
"leasan","","LESA","Least Sandpiper","CAMI","Calidris minutilla","Sandpipers and Allies","Scolopacidae","scolop2","Charadriiformes"
"pecsan","","PESA","Pectoral Sandpiper","CAME","Calidris melanotos","Sandpipers and Allies","Scolopacidae","scolop2","Charadriiformes"
"wessan","","WESA","Western Sandpiper","CAMA","Calidris mauri","Sandpipers and Allies","Scolopacidae","scolop2","Charadriiformes"
"semsan","","SESA","Semipalmated Sandpiper","CAPU","Calidris pusilla","Sandpipers and Allies","Scolopacidae","scolop2","Charadriiformes"
"lotjae","LTSK","LTJA","Long-tailed Jaeger","STLO","Stercorarius longicaudus","Skuas and Jaegers","Stercorariidae","sterco1","Charadriiformes"
"parjae","ARJA ARSK","PAJA","Parasitic Jaeger","STPA","Stercorarius parasiticus","Skuas and Jaegers","Stercorariidae","sterco1","Charadriiformes"
"pomjae","POSK","POJA","Pomarine Jaeger","STPO","Stercorarius pomarinus","Skuas and Jaegers","Stercorariidae","sterco1","Charadriiformes"
"sopsku1","","SPSK","South Polar Skua","STMA","Stercorarius maccormicki","Skuas and Jaegers","Stercorariidae","sterco1","Charadriiformes"
"rhiauk","","RHAU","Rhinoceros Auklet","CEMO","Cerorhinca monocerata","Auks, Murres, and Puffins","Alcidae","alcida1","Charadriiformes"
"tufpuf","","TUPU","Tufted Puffin","FRCI","Fratercula cirrhata","Auks, Murres, and Puffins","Alcidae","alcida1","Charadriiformes"
"horpuf","","HOPU","Horned Puffin","FRCO","Fratercula corniculata","Auks, Murres, and Puffins","Alcidae","alcida1","Charadriiformes"
"casauk","","CAAU","Cassin's Auklet","PTAL","Ptychoramphus aleuticus","Auks, Murres, and Puffins","Alcidae","alcida1","Charadriiformes"
"creauk","","CRAU","Crested Auklet","AECR","Aethia cristatella","Auks, Murres, and Puffins","Alcidae","alcida1","Charadriiformes"
"parauk","","PAAU","Parakeet Auklet","AEPS","Aethia psittacula","Auks, Murres, and Puffins","Alcidae","alcida1","Charadriiformes"
"kitmur","","KIMU","Kittlitz's Murrelet","BRBR","Brachyramphus brevirostris","Auks, Murres, and Puffins","Alcidae","alcida1","Charadriiformes"
"marmur","","MAMU","Marbled Murrelet","BRMA","Brachyramphus marmoratus","Auks, Murres, and Puffins","Alcidae","alcida1","Charadriiformes"
"piggui","","PIGU","Pigeon Guillemot","CECO","Cepphus columba","Auks, Murres, and Puffins","Alcidae","alcida1","Charadriiformes"
"doveki","LIAU","DOVE","Dovekie","ALAL","Alle alle","Auks, Murres, and Puffins","Alcidae","alcida1","Charadriiformes"
"thbmur","BRGU","TBMU","Thick-billed Murre","URLO","Uria lomvia","Auks, Murres, and Puffins","Alcidae","alcida1","Charadriiformes"
"commur","COGU","COMU","Common Murre","URAA","Uria aalge","Auks, Murres, and Puffins","Alcidae","alcida1","Charadriiformes"
"ancmur","","ANMU","Ancient Murrelet","SYAN","Synthliboramphus antiquus","Auks, Murres, and Puffins","Alcidae","alcida1","Charadriiformes"
"xanmur2","","SCMU","Scripps's Murrelet","SYSC","Synthliboramphus scrippsi","Auks, Murres, and Puffins","Alcidae","alcida1","Charadriiformes"
"xanmur1","","GUMU","Guadalupe Murrelet","SYHY","Synthliboramphus hypoleucus","Auks, Murres, and Puffins","Alcidae","alcida1","Charadriiformes"
"litgul","","LIGU","Little Gull","HYMI","Hydrocoloeus minutus","Gulls, Terns, and Skimmers","Laridae","larida1","Charadriiformes"
"rosgul","","ROGU","Ross's Gull","RHRO","Rhodostethia rosea","Gulls, Terns, and Skimmers","Laridae","larida1","Charadriiformes"
"bklkit","","BLKI","Black-legged Kittiwake","RITR","Rissa tridactyla","Gulls, Terns, and Skimmers","Laridae","larida1","Charadriiformes"
"relkit","","RLKI","Red-legged Kittiwake","RIBR","Rissa brevirostris","Gulls, Terns, and Skimmers","Laridae","larida1","Charadriiformes"
"ivogul","","IVGU","Ivory Gull","PAEB","Pagophila eburnea","Gulls, Terns, and Skimmers","Laridae","larida1","Charadriiformes"
"sabgul","","SAGU","Sabine's Gull","XESA","Xema sabini","Gulls, Terns, and Skimmers","Laridae","larida1","Charadriiformes"
"bongul","","BOGU","Bonaparte's Gull","CHPH","Chroicocephalus philadelphia","Gulls, Terns, and Skimmers","Laridae","larida1","Charadriiformes"
"bkhgul","","BHGU","Black-headed Gull","CHRI","Chroicocephalus ridibundus","Gulls, Terns, and Skimmers","Laridae","larida1","Charadriiformes"
"laugul","","LAGU","Laughing Gull","LEAT","Leucophaeus atricilla","Gulls, Terns, and Skimmers","Laridae","larida1","Charadriiformes"
"fragul","","FRGU","Franklin's Gull","LEPI","Leucophaeus pipixcan","Gulls, Terns, and Skimmers","Laridae","larida1","Charadriiformes"
"bktgul","","BTGU","Black-tailed Gull","LACR","Larus crassirostris","Gulls, Terns, and Skimmers","Laridae","larida1","Charadriiformes"
"heegul","HEGU","HEEG","Heermann's Gull","LAHE","Larus heermanni","Gulls, Terns, and Skimmers","Laridae","larida1","Charadriiformes"
"mewgul2","MEGU SBGU","SBIG","Short-billed Gull","LABR","Larus brachyrhynchus","Gulls, Terns, and Skimmers","Laridae","larida1","Charadriiformes"
"ribgul","","RBGU","Ring-billed Gull","LADE","Larus delawarensis","Gulls, Terns, and Skimmers","Laridae","larida1","Charadriiformes"
"wesgul","","WEGU","Western Gull","LAOC","Larus occidentalis","Gulls, Terns, and Skimmers","Laridae","larida1","Charadriiformes"
"hergul","AHHG EHGU HEGU","HERG","Herring Gull","LAAR","Larus argentatus","Gulls, Terns, and Skimmers","Laridae","larida1","Charadriiformes"
"gbbgul","","GBBG","Great Black-backed Gull","LAMA","Larus marinus","Gulls, Terns, and Skimmers","Laridae","larida1","Charadriiformes"
"glagul","","GLGU","Glaucous Gull","LAHY","Larus hyperboreus","Gulls, Terns, and Skimmers","Laridae","larida1","Charadriiformes"
"nelgul","AHHG EHGU GLGU HEGU HERG","","Herring x Glaucous Gull (hybrid)","LAAR LAHY","Larus argentatus x hyperboreus","Gulls, Terns, and Skimmers","Laridae","larida1","Charadriiformes"
"lbbgul","","LBBG","Lesser Black-backed Gull","LAFU","Larus fuscus","Gulls, Terns, and Skimmers","Laridae","larida1","Charadriiformes"
"calgul","","CAGU","California Gull","LACA","Larus californicus","Gulls, Terns, and Skimmers","Laridae","larida1","Charadriiformes"
"glwgul","","GWGU","Glaucous-winged Gull","LAGL","Larus glaucescens","Gulls, Terns, and Skimmers","Laridae","larida1","Charadriiformes"
"x00051","WEGU GWGU","WGWH","Western x Glaucous-winged Gull (hybrid)","LAGL LAOC","Larus occidentalis x glaucescens","Gulls, Terns, and Skimmers","Laridae","larida1","Charadriiformes"
"x00050","AHHG EHGU HEGU HERG GWGU","","Herring x Glaucous-winged Gull (hybrid)","LAAR LAGL","Larus argentatus x glaucescens","Gulls, Terns, and Skimmers","Laridae","larida1","Charadriiformes"
"x00048","GLGU GWGU","","Glaucous x Glaucous-winged Gull (hybrid)","LAGL LAHY","Larus hyperboreus x glaucescens","Gulls, Terns, and Skimmers","Laridae","larida1","Charadriiformes"
"slbgul","SBGU","SBAG","Slaty-backed Gull","LASC","Larus schistisagus","Gulls, Terns, and Skimmers","Laridae","larida1","Charadriiformes"
"x00436","GWGU SBAG SBGU","","Glaucous-winged x Slaty-backed Gull (hybrid)","LAGL LASC","Larus glaucescens x schistisagus","Gulls, Terns, and Skimmers","Laridae","larida1","Charadriiformes"
"y00478","","ICGU","Iceland Gull","LAGL","Larus glaucoides","Gulls, Terns, and Skimmers","Laridae","larida1","Charadriiformes"
"leater1","","LETE","Least Tern","STAN","Sternula antillarum","Gulls, Terns, and Skimmers","Laridae","larida1","Charadriiformes"
"caster1","","CATE","Caspian Tern","HYCA","Hydroprogne caspia","Gulls, Terns, and Skimmers","Laridae","larida1","Charadriiformes"
"blkter","","BLTE","Black Tern","CHNI","Chlidonias niger","Gulls, Terns, and Skimmers","Laridae","larida1","Charadriiformes"
"forter","","FOTE","Forster's Tern","STFO","Sterna forsteri","Gulls, Terns, and Skimmers","Laridae","larida1","Charadriiformes"
"arcter","","ARTE","Arctic Tern","STPA","Sterna paradisaea","Gulls, Terns, and Skimmers","Laridae","larida1","Charadriiformes"
"comter","","COTE","Common Tern","STHI","Sterna hirundo","Gulls, Terns, and Skimmers","Laridae","larida1","Charadriiformes"
"eleter1","","ELTE","Elegant Tern","THEL","Thalasseus elegans","Gulls, Terns, and Skimmers","Laridae","larida1","Charadriiformes"
"retloo","RTDI","RTLO","Red-throated Loon","GAST","Gavia stellata","Loons","Gaviidae","gaviid1","Gaviiformes"
"arcloo","BTDI BTLO","ARLO","Arctic Loon","GAAR","Gavia arctica","Loons","Gaviidae","gaviid1","Gaviiformes"
"pacloo","PADI","PALO","Pacific Loon","GAPA","Gavia pacifica","Loons","Gaviidae","gaviid1","Gaviiformes"
"comloo","GNDI","COLO","Common Loon","GAIM","Gavia immer","Loons","Gaviidae","gaviid1","Gaviiformes"
"yebloo","WBDI","YBLO","Yellow-billed Loon","GAAD","Gavia adamsii","Loons","Gaviidae","gaviid1","Gaviiformes"
"layalb","","LAAL","Laysan Albatross","PHIM","Phoebastria immutabilis","Albatrosses","Diomedeidae","diomed1","Procellariiformes"
"bkfalb","","BFAL","Black-footed Albatross","PHNI","Phoebastria nigripes","Albatrosses","Diomedeidae","diomed1","Procellariiformes"
"shtalb","","STAL","Short-tailed Albatross","PHAL","Phoebastria albatrus","Albatrosses","Diomedeidae","diomed1","Procellariiformes"
"ftspet","","FTSP","Fork-tailed Storm-Petrel","HYFU","Hydrobates furcatus","Northern Storm-Petrels","Hydrobatidae","hydrob1","Procellariiformes"
"lcspet","LSPE","LESP","Leach's Storm-Petrel","HYLE","Hydrobates leucorhous","Northern Storm-Petrels","Hydrobatidae","hydrob1","Procellariiformes"
"norful","","NOFU","Northern Fulmar","FUGL","Fulmarus glacialis","Shearwaters and Petrels","Procellariidae","procel3","Procellariiformes"
"murpet","","MUPE","Murphy's Petrel","PTUL","Pterodroma ultima","Shearwaters and Petrels","Procellariidae","procel3","Procellariiformes"
"motpet","","MOPE","Mottled Petrel","PTIN","Pterodroma inexpectata","Shearwaters and Petrels","Procellariidae","procel3","Procellariiformes"
"hawpet1","","HAPE","Hawaiian Petrel","PTSA","Pterodroma sandwichensis","Shearwaters and Petrels","Procellariidae","procel3","Procellariiformes"
"coopet","","COPE","Cook's Petrel","PTCO","Pterodroma cookii","Shearwaters and Petrels","Procellariidae","procel3","Procellariiformes"
"pifshe","","PFSH","Pink-footed Shearwater","ARCR","Ardenna creatopus","Shearwaters and Petrels","Procellariidae","procel3","Procellariiformes"
"flfshe","","FFSH","Flesh-footed Shearwater","ARCA","Ardenna carneipes","Shearwaters and Petrels","Procellariidae","procel3","Procellariiformes"
"greshe","","GRSH","Great Shearwater","ARGR","Ardenna gravis","Shearwaters and Petrels","Procellariidae","procel3","Procellariiformes"
"bulshe","BUSH","BULS","Buller's Shearwater","ARBU","Ardenna bulleri","Shearwaters and Petrels","Procellariidae","procel3","Procellariiformes"
"sooshe","","SOSH","Sooty Shearwater","ARGR","Ardenna grisea","Shearwaters and Petrels","Procellariidae","procel3","Procellariiformes"
"shtshe","STSH","STTS","Short-tailed Shearwater","ARTE","Ardenna tenuirostris","Shearwaters and Petrels","Procellariidae","procel3","Procellariiformes"
"manshe","","MASH","Manx Shearwater","PUPU","Puffinus puffinus","Shearwaters and Petrels","Procellariidae","procel3","Procellariiformes"
"bkvshe","","BVSH","Black-vented Shearwater","PUOP","Puffinus opisthomelas","Shearwaters and Petrels","Procellariidae","procel3","Procellariiformes"
"woosto","","WOST","Wood Stork","MYAM","Mycteria americana","Storks","Ciconiidae","ciconi2","Ciconiiformes"
"brnboo","","BRBO","Brown Booby","SULE","Sula leucogaster","Boobies and Gannets","Sulidae","sulida1","Suliformes"
"nazboo1","","NABO","Nazca Booby","SUGR","Sula granti","Boobies and Gannets","Sulidae","sulida1","Suliformes"
"bracor","BRCO","BRAC","Brandt's Cormorant","URPE","Urile penicillatus","Cormorants and Shags","Phalacrocoracidae","phalac1","Suliformes"
"refcor","","RFCO","Red-faced Cormorant","URUR","Urile urile","Cormorants and Shags","Phalacrocoracidae","phalac1","Suliformes"
"pelcor","","PECO","Pelagic Cormorant","URPE","Urile pelagicus","Cormorants and Shags","Phalacrocoracidae","phalac1","Suliformes"
"doccor","","DCCO","Double-crested Cormorant","NAAU","Nannopterum auritum","Cormorants and Shags","Phalacrocoracidae","phalac1","Suliformes"
"amwpel","","AWPE","American White Pelican","PEER","Pelecanus erythrorhynchos","Pelicans","Pelecanidae","peleca1","Pelecaniformes"
"brnpel","","BRPE","Brown Pelican","PEOC","Pelecanus occidentalis","Pelicans","Pelecanidae","peleca1","Pelecaniformes"
"amebit","","AMBI","American Bittern","BOLE","Botaurus lentiginosus","Herons, Egrets, and Bitterns","Ardeidae","ardeid1","Pelecaniformes"
"bcnher","","BCNH","Black-crowned Night Heron","NYNY","Nycticorax nycticorax","Herons, Egrets, and Bitterns","Ardeidae","ardeid1","Pelecaniformes"
"libher","","LBHE","Little Blue Heron","EGCA","Egretta caerulea","Herons, Egrets, and Bitterns","Ardeidae","ardeid1","Pelecaniformes"
"snoegr","","SNEG","Snowy Egret","EGTH","Egretta thula","Herons, Egrets, and Bitterns","Ardeidae","ardeid1","Pelecaniformes"
"grnher","GBHE","GRHE","Green Heron","BUVI","Butorides virescens","Herons, Egrets, and Bitterns","Ardeidae","ardeid1","Pelecaniformes"
"categr1","WCEG","CAEG","Western Cattle Egret","BUIB","Bubulcus ibis","Herons, Egrets, and Bitterns","Ardeidae","ardeid1","Pelecaniformes"
"greegr","WHHE GWEG","GREG","Great Egret","ARAL","Ardea alba","Herons, Egrets, and Bitterns","Ardeidae","ardeid1","Pelecaniformes"
"grbher3","GBWH","GBHE","Great Blue Heron","ARHE","Ardea herodias","Herons, Egrets, and Bitterns","Ardeidae","ardeid1","Pelecaniformes"
"whfibi","","WFIB","White-faced Ibis","PLCH","Plegadis chihi","Ibises and Spoonbills","Threskiornithidae","thresk1","Pelecaniformes"
"blkvul","ABVU","BLVU","Black Vulture","COAT","Coragyps atratus","New World Vultures","Cathartidae","cathar2","Cathartiformes"
"turvul","","TUVU","Turkey Vulture","CAAU","Cathartes aura","New World Vultures","Cathartidae","cathar2","Cathartiformes"
"osprey","","OSPR","Osprey","PAHA","Pandion haliaetus","Osprey","Pandionidae","pandio1","Accipitriformes"
"whtkit","","WTKI","White-tailed Kite","ELLE","Elanus leucurus","Hawks, Eagles, and Kites","Accipitridae","accipi1","Accipitriformes"
"goleag","","GOEA","Golden Eagle","AQCH","Aquila chrysaetos","Hawks, Eagles, and Kites","Accipitridae","accipi1","Accipitriformes"
"norhar2","","NOHA","Northern Harrier","CIHU","Circus hudsonius","Hawks, Eagles, and Kites","Accipitridae","accipi1","Accipitriformes"
"shshaw","SSBB","SSHA","Sharp-shinned Hawk","ACST","Accipiter striatus","Hawks, Eagles, and Kites","Accipitridae","accipi1","Accipitriformes"
"coohaw","","COHA","Cooper's Hawk","ACCO","Accipiter cooperii","Hawks, Eagles, and Kites","Accipitridae","accipi1","Accipitriformes"
"norgos","NOGO AMGO","AGOS","American Goshawk","ACAT","Accipiter atricapillus","Hawks, Eagles, and Kites","Accipitridae","accipi1","Accipitriformes"
"baleag","","BAEA","Bald Eagle","HALE","Haliaeetus leucocephalus","Hawks, Eagles, and Kites","Accipitridae","accipi1","Accipitriformes"
"hrshaw","","HAHA","Harris's Hawk","PAUN","Parabuteo unicinctus","Hawks, Eagles, and Kites","Accipitridae","accipi1","Accipitriformes"
"reshaw","","RSHA","Red-shouldered Hawk","BULI","Buteo lineatus","Hawks, Eagles, and Kites","Accipitridae","accipi1","Accipitriformes"
"brwhaw","","BWHA","Broad-winged Hawk","BUPL","Buteo platypterus","Hawks, Eagles, and Kites","Accipitridae","accipi1","Accipitriformes"
"swahaw","","SWHA","Swainson's Hawk","BUSW","Buteo swainsoni","Hawks, Eagles, and Kites","Accipitridae","accipi1","Accipitriformes"
"rethaw","","RTHA","Red-tailed Hawk","BUJA","Buteo jamaicensis","Hawks, Eagles, and Kites","Accipitridae","accipi1","Accipitriformes"
"rolhaw","RLBU","RLHA","Rough-legged Hawk","BULA","Buteo lagopus","Hawks, Eagles, and Kites","Accipitridae","accipi1","Accipitriformes"
"x00731","RLHA RTHA RLBU","","Red-tailed x Rough-legged Hawk (hybrid)","BUJA BULA","Buteo jamaicensis x lagopus","Hawks, Eagles, and Kites","Accipitridae","accipi1","Accipitriformes"
"ferhaw","","FEHA","Ferruginous Hawk","BURE","Buteo regalis","Hawks, Eagles, and Kites","Accipitridae","accipi1","Accipitriformes"
"brnowl","CBOW BAOW WBOW COBO","BANO","Barn Owl","TYAL","Tyto alba","Barn-Owls","Tytonidae","tytoni1","Strigiformes"
"flaowl","","FLOW","Flammulated Owl","PSFL","Psiloscops flammeolus","Owls","Strigidae","strigi1","Strigiformes"
"wesowl1","WSOW","WESO","Western Screech-Owl","MEKE","Megascops kennicottii","Owls","Strigidae","strigi1","Strigiformes"
"snoowl1","","SNOW","Snowy Owl","BUSC","Bubo scandiacus","Owls","Strigidae","strigi1","Strigiformes"
"grhowl","","GHOW","Great Horned Owl","BUVI","Bubo virginianus","Owls","Strigidae","strigi1","Strigiformes"
"nohowl","NOHO","NHOW","Northern Hawk Owl","SUUL","Surnia ulula","Owls","Strigidae","strigi1","Strigiformes"
"nopowl","NPOW","NOPO","Northern Pygmy-Owl","GLGN","Glaucidium gnoma","Owls","Strigidae","strigi1","Strigiformes"
"burowl","","BUOW","Burrowing Owl","ATCU","Athene cunicularia","Owls","Strigidae","strigi1","Strigiformes"
"spoowl","","SPOW","Spotted Owl","STOC","Strix occidentalis","Owls","Strigidae","strigi1","Strigiformes"
"brdowl","BAOW","BADO","Barred Owl","STVA","Strix varia","Owls","Strigidae","strigi1","Strigiformes"
"grgowl","","GGOW","Great Gray Owl","STNE","Strix nebulosa","Owls","Strigidae","strigi1","Strigiformes"
"loeowl","NLEO","LEOW","Long-eared Owl","ASOT","Asio otus","Owls","Strigidae","strigi1","Strigiformes"
"sheowl","","SEOW","Short-eared Owl","ASFL","Asio flammeus","Owls","Strigidae","strigi1","Strigiformes"
"borowl","TEOW","BOOW","Boreal Owl","AEFU","Aegolius funereus","Owls","Strigidae","strigi1","Strigiformes"
"nswowl","","NSWO","Northern Saw-whet Owl","AEAC","Aegolius acadicus","Owls","Strigidae","strigi1","Strigiformes"
"belkin1","","BEKI","Belted Kingfisher","MEAL","Megaceryle alcyon","Kingfishers","Alcedinidae","alcedi1","Coraciiformes"
"wilsap","","WISA","Williamson's Sapsucker","SPTH","Sphyrapicus thyroideus","Woodpeckers","Picidae","picida1","Piciformes"
"yebsap","","YBSA","Yellow-bellied Sapsucker","SPVA","Sphyrapicus varius","Woodpeckers","Picidae","picida1","Piciformes"
"rensap","","RNSA","Red-naped Sapsucker","SPNU","Sphyrapicus nuchalis","Woodpeckers","Picidae","picida1","Piciformes"
"x00634","RNSA YBSA","","Yellow-bellied x Red-naped Sapsucker (hybrid)","SPNU SPVA","Sphyrapicus varius x nuchalis","Woodpeckers","Picidae","picida1","Piciformes"
"rebsap","","RBSA","Red-breasted Sapsucker","SPRU","Sphyrapicus ruber","Woodpeckers","Picidae","picida1","Piciformes"
"x00712","RBSA YBSA","","Yellow-bellied x Red-breasted Sapsucker (hybrid)","SPRU SPVA","Sphyrapicus varius x ruber","Woodpeckers","Picidae","picida1","Piciformes"
"rnxsap1","RBSA RNSA","","Red-naped x Red-breasted Sapsucker (hybrid)","SPNU SPRU","Sphyrapicus nuchalis x ruber","Woodpeckers","Picidae","picida1","Piciformes"
"lewwoo","","LEWO","Lewis's Woodpecker","MELE","Melanerpes lewis","Woodpeckers","Picidae","picida1","Piciformes"
"rehwoo","","RHWO","Red-headed Woodpecker","MEER","Melanerpes erythrocephalus","Woodpeckers","Picidae","picida1","Piciformes"
"acowoo","","ACWO","Acorn Woodpecker","MEFO","Melanerpes formicivorus","Woodpeckers","Picidae","picida1","Piciformes"
"attwoo1","TTWO","ATTW","American Three-toed Woodpecker","PIDO","Picoides dorsalis","Woodpeckers","Picidae","picida1","Piciformes"
"bkbwoo","","BBWO","Black-backed Woodpecker","PIAR","Picoides arcticus","Woodpeckers","Picidae","picida1","Piciformes"
"dowwoo","","DOWO","Downy Woodpecker","DRPU","Dryobates pubescens","Woodpeckers","Picidae","picida1","Piciformes"
"haiwoo","","HAWO","Hairy Woodpecker","DRVI","Dryobates villosus","Woodpeckers","Picidae","picida1","Piciformes"
"whhwoo","","WHWO","White-headed Woodpecker","DRAL","Dryobates albolarvatus","Woodpeckers","Picidae","picida1","Piciformes"
"pilwoo","","PIWO","Pileated Woodpecker","DRPI","Dryocopus pileatus","Woodpeckers","Picidae","picida1","Piciformes"
"norfli","YSSF","NOFL","Northern Flicker","COAU","Colaptes auratus","Woodpeckers","Picidae","picida1","Piciformes"
"y00678","","CRCA","Crested Caracara","CAPL","Caracara plancus","Falcons and Caracaras","Falconidae","falcon1","Falconiformes"
"amekes","","AMKE","American Kestrel","FASP","Falco sparverius","Falcons and Caracaras","Falconidae","falcon1","Falconiformes"
"merlin","","MERL","Merlin","FACO","Falco columbarius","Falcons and Caracaras","Falconidae","falcon1","Falconiformes"
"gyrfal","GYFA","GYRF","Gyrfalcon","FARU","Falco rusticolus","Falcons and Caracaras","Falconidae","falcon1","Falconiformes"
"perfal","","PEFA","Peregrine Falcon","FAPE","Falco peregrinus","Falcons and Caracaras","Falconidae","falcon1","Falconiformes"
"prafal","","PRFA","Prairie Falcon","FAME","Falco mexicanus","Falcons and Caracaras","Falconidae","falcon1","Falconiformes"
"cockat","COCK","","Cockatiel","NYHO","Nymphicus hollandicus","Cockatoos","Cacatuidae","cacatu2","Psittaciformes"
"budger","","BUDG","Budgerigar","MEUN","Melopsittacus undulatus","Old World Parrots","Psittaculidae","psitta4","Psittaciformes"
"monpar","","MOPA","Monk Parakeet","MYMO","Myiopsitta monachus","New World and African Parrots","Psittacidae","psitta3","Psittaciformes"
"olsfly","","OSFL","Olive-sided Flycatcher","COCO","Contopus cooperi","Tyrant Flycatchers","Tyrannidae","tyrann2","Passeriformes"
"wewpew","WWPE","WEWP","Western Wood-Pewee","COSO","Contopus sordidulus","Tyrant Flycatchers","Tyrannidae","tyrann2","Passeriformes"
"yebfly","","YBFL","Yellow-bellied Flycatcher","EMFL","Empidonax flaviventris","Tyrant Flycatchers","Tyrannidae","tyrann2","Passeriformes"
"aldfly","","ALFL","Alder Flycatcher","EMAL","Empidonax alnorum","Tyrant Flycatchers","Tyrannidae","tyrann2","Passeriformes"
"wilfly","","WIFL","Willow Flycatcher","EMTR","Empidonax traillii","Tyrant Flycatchers","Tyrannidae","tyrann2","Passeriformes"
"leafly","","LEFL","Least Flycatcher","EMMI","Empidonax minimus","Tyrant Flycatchers","Tyrannidae","tyrann2","Passeriformes"
"hamfly","","HAFL","Hammond's Flycatcher","EMHA","Empidonax hammondii","Tyrant Flycatchers","Tyrannidae","tyrann2","Passeriformes"
"gryfly","AGFL","GRFL","Gray Flycatcher","EMWR","Empidonax wrightii","Tyrant Flycatchers","Tyrannidae","tyrann2","Passeriformes"
"dusfly","ADFL","DUFL","Dusky Flycatcher","EMOB","Empidonax oberholseri","Tyrant Flycatchers","Tyrannidae","tyrann2","Passeriformes"
"wesfly","PSFL","WEFL","Western Flycatcher","EMDI","Empidonax difficilis","Tyrant Flycatchers","Tyrannidae","tyrann2","Passeriformes"
"blkpho","","BLPH","Black Phoebe","SANI","Sayornis nigricans","Tyrant Flycatchers","Tyrannidae","tyrann2","Passeriformes"
"easpho","","EAPH","Eastern Phoebe","SAPH","Sayornis phoebe","Tyrant Flycatchers","Tyrannidae","tyrann2","Passeriformes"
"saypho","","SAPH","Say's Phoebe","SASA","Sayornis saya","Tyrant Flycatchers","Tyrannidae","tyrann2","Passeriformes"
"verfly","VFSP","VEFL","Vermilion Flycatcher","PYRU","Pyrocephalus rubinus","Tyrant Flycatchers","Tyrannidae","tyrann2","Passeriformes"
"astfly","","ATFL","Ash-throated Flycatcher","MYCI","Myiarchus cinerascens","Tyrant Flycatchers","Tyrannidae","tyrann2","Passeriformes"
"grcfly","","GCFL","Great Crested Flycatcher","MYCR","Myiarchus crinitus","Tyrant Flycatchers","Tyrannidae","tyrann2","Passeriformes"
"trokin","","TRKI","Tropical Kingbird","TYME","Tyrannus melancholicus","Tyrant Flycatchers","Tyrannidae","tyrann2","Passeriformes"
"weskin","","WEKI","Western Kingbird","TYVE","Tyrannus verticalis","Tyrant Flycatchers","Tyrannidae","tyrann2","Passeriformes"
"easkin","","EAKI","Eastern Kingbird","TYTY","Tyrannus tyrannus","Tyrant Flycatchers","Tyrannidae","tyrann2","Passeriformes"
"x00718","WEKI EAKI","","Western x Eastern Kingbird (hybrid)","TYTY TYVE","Tyrannus verticalis x tyrannus","Tyrant Flycatchers","Tyrannidae","tyrann2","Passeriformes"
"sctfly","","STFL","Scissor-tailed Flycatcher","TYFO","Tyrannus forficatus","Tyrant Flycatchers","Tyrannidae","tyrann2","Passeriformes"
"bkcvir1","","BCVI","Black-capped Vireo","VIAT","Vireo atricapilla","Vireos, Shrike-Babblers, and Erpornis","Vireonidae","vireon1","Passeriformes"
"whevir","","WEVI","White-eyed Vireo","VIGR","Vireo griseus","Vireos, Shrike-Babblers, and Erpornis","Vireonidae","vireon1","Passeriformes"
"belvir","","BEVI","Bell's Vireo","VIBE","Vireo bellii","Vireos, Shrike-Babblers, and Erpornis","Vireonidae","vireon1","Passeriformes"
"hutvir","","HUVI","Hutton's Vireo","VIHU","Vireo huttoni","Vireos, Shrike-Babblers, and Erpornis","Vireonidae","vireon1","Passeriformes"
"casvir","","CAVI","Cassin's Vireo","VICA","Vireo cassinii","Vireos, Shrike-Babblers, and Erpornis","Vireonidae","vireon1","Passeriformes"
"buhvir","","BHVI","Blue-headed Vireo","VISO","Vireo solitarius","Vireos, Shrike-Babblers, and Erpornis","Vireonidae","vireon1","Passeriformes"
"phivir","","PHVI","Philadelphia Vireo","VIPH","Vireo philadelphicus","Vireos, Shrike-Babblers, and Erpornis","Vireonidae","vireon1","Passeriformes"
"warvir","","WAVI","Warbling Vireo","VIGI","Vireo gilvus","Vireos, Shrike-Babblers, and Erpornis","Vireonidae","vireon1","Passeriformes"
"reevir1","","REVI","Red-eyed Vireo","VIOL","Vireo olivaceus","Vireos, Shrike-Babblers, and Erpornis","Vireonidae","vireon1","Passeriformes"
"yegvir","","YGVI","Yellow-green Vireo","VIFL","Vireo flavoviridis","Vireos, Shrike-Babblers, and Erpornis","Vireonidae","vireon1","Passeriformes"
"rebshr1","","RBSH","Red-backed Shrike","LACO","Lanius collurio","Shrikes","Laniidae","laniid1","Passeriformes"
"brnshr","BRSH","BROS","Brown Shrike","LACR","Lanius cristatus","Shrikes","Laniidae","laniid1","Passeriformes"
"logshr","","LOSH","Loggerhead Shrike","LALU","Lanius ludovicianus","Shrikes","Laniidae","laniid1","Passeriformes"
"norshr4","NGSH NOSH","NSHR","Northern Shrike","LABO","Lanius borealis","Shrikes","Laniidae","laniid1","Passeriformes"
"gryjay","GRJA","CAJA","Canada Jay","PECA","Perisoreus canadensis","Crows, Jays, and Magpies","Corvidae","corvid1","Passeriformes"
"pinjay","","PIJA","Pinyon Jay","GYCY","Gymnorhinus cyanocephalus","Crows, Jays, and Magpies","Corvidae","corvid1","Passeriformes"
"stejay","","STJA","Steller's Jay","CYST","Cyanocitta stelleri","Crows, Jays, and Magpies","Corvidae","corvid1","Passeriformes"
"blujay","","BLJA","Blue Jay","CYCR","Cyanocitta cristata","Crows, Jays, and Magpies","Corvidae","corvid1","Passeriformes"
"x00622","BLJA STJA","","Steller's x Blue Jay (hybrid)","CYST CYCR","Cyanocitta stelleri x cristata","Crows, Jays, and Magpies","Corvidae","corvid1","Passeriformes"
"cowscj1","CSJA WSJA","CASJ","California Scrub-Jay","APCA","Aphelocoma californica","Crows, Jays, and Magpies","Corvidae","corvid1","Passeriformes"
"x00964","CSJA CASJ WSJA STJA","","Steller's Jay x California Scrub-Jay (hybrid)","CYST APCA","Cyanocitta stelleri x Aphelocoma californica","Crows, Jays, and Magpies","Corvidae","corvid1","Passeriformes"
"bkbmag1","AMMA","BBMA","Black-billed Magpie","PIHU","Pica hudsonia","Crows, Jays, and Magpies","Corvidae","corvid1","Passeriformes"
"clanut","","CLNU","Clark's Nutcracker","NUCO","Nucifraga columbiana","Crows, Jays, and Magpies","Corvidae","corvid1","Passeriformes"
"amecro","","AMCR","American Crow","COBR","Corvus brachyrhynchos","Crows, Jays, and Magpies","Corvidae","corvid1","Passeriformes"
"comrav","NORA","CORA","Common Raven","COCO","Corvus corax","Crows, Jays, and Magpies","Corvidae","corvid1","Passeriformes"
"bkcchi","","BCCH","Black-capped Chickadee","POAT","Poecile atricapillus","Tits, Chickadees, and Titmice","Paridae","parida1","Passeriformes"
"mouchi","","MOCH","Mountain Chickadee","POGA","Poecile gambeli","Tits, Chickadees, and Titmice","Paridae","parida1","Passeriformes"
"x00623","BCCH MOCH","","Black-capped x Mountain Chickadee (hybrid)","POGA POAT","Poecile atricapillus x gambeli","Tits, Chickadees, and Titmice","Paridae","parida1","Passeriformes"
"chbchi","","CBCH","Chestnut-backed Chickadee","PORU","Poecile rufescens","Tits, Chickadees, and Titmice","Paridae","parida1","Passeriformes"
"borchi2","","BOCH","Boreal Chickadee","POHU","Poecile hudsonicus","Tits, Chickadees, and Titmice","Paridae","parida1","Passeriformes"
"horlar","SHLA","HOLA","Horned Lark","ERAL","Eremophila alpestris","Larks","Alaudidae","alaudi1","Passeriformes"
"skylar","SKYL","EUSK","Eurasian Skylark","ALAR","Alauda arvensis","Larks","Alaudidae","alaudi1","Passeriformes"
"banswa","SAMA BASW CSMA","BANS","Bank Swallow","RIRI","Riparia riparia","Swallows","Hirundinidae","hirund2","Passeriformes"
"treswa","TRSW","TRES","Tree Swallow","TABI","Tachycineta bicolor","Swallows","Hirundinidae","hirund2","Passeriformes"
"vigswa","","VGSW","Violet-green Swallow","TATH","Tachycineta thalassina","Swallows","Hirundinidae","hirund2","Passeriformes"
"purmar","","PUMA","Purple Martin","PRSU","Progne subis","Swallows","Hirundinidae","hirund2","Passeriformes"
"nrwswa","","NRWS","Northern Rough-winged Swallow","STSE","Stelgidopteryx serripennis","Swallows","Hirundinidae","hirund2","Passeriformes"
"barswa","BASW","BARS","Barn Swallow","HIRU","Hirundo rustica","Swallows","Hirundinidae","hirund2","Passeriformes"
"cliswa","ACSW","CLSW","Cliff Swallow","PEPY","Petrochelidon pyrrhonota","Swallows","Hirundinidae","hirund2","Passeriformes"
"x00661","ACSW VGSW CLSW","","Violet-green x Cliff Swallow (hybrid)","TATH PEPY","Tachycineta thalassina x Petrochelidon pyrrhonota","Swallows","Hirundinidae","hirund2","Passeriformes"
"cavswa","","CASW","Cave Swallow","PEFU","Petrochelidon fulva","Swallows","Hirundinidae","hirund2","Passeriformes"
"yebwar3","","YBWA","Yellow-browed Warbler","PHIN","Phylloscopus inornatus","Leaf Warblers","Phylloscopidae","phyllo4","Passeriformes"
"bushti","AMBU","BUSH","Bushtit","PSMI","Psaltriparus minimus","Long-tailed Tits","Aegithalidae","aegith2","Passeriformes"
"ruckin","","RCKI","Ruby-crowned Kinglet","COCA","Corthylio calendula","Kinglets","Regulidae","reguli1","Passeriformes"
"gockin","","GCKI","Golden-crowned Kinglet","RESA","Regulus satrapa","Kinglets","Regulidae","reguli1","Passeriformes"
"whbnut","","WBNU","White-breasted Nuthatch","SICA","Sitta carolinensis","Nuthatches","Sittidae","sittid1","Passeriformes"
"pygnut","","PYNU","Pygmy Nuthatch","SIPY","Sitta pygmaea","Nuthatches","Sittidae","sittid1","Passeriformes"
"rebnut","","RBNU","Red-breasted Nuthatch","SICA","Sitta canadensis","Nuthatches","Sittidae","sittid1","Passeriformes"
"brncre","AMTR ABCR","BRCR","Brown Creeper","CEAM","Certhia americana","Treecreepers","Certhiidae","certhi2","Passeriformes"
"buggna","","BGGN","Blue-gray Gnatcatcher","POCA","Polioptila caerulea","Gnatcatchers","Polioptilidae","poliop1","Passeriformes"
"rocwre","ARWR","ROWR","Rock Wren","SAOB","Salpinctes obsoletus","Wrens","Troglodytidae","troglo1","Passeriformes"
"canwre","CAWR","CANW","Canyon Wren","CAME","Catherpes mexicanus","Wrens","Troglodytidae","troglo1","Passeriformes"
"houwre","","HOWR","House Wren","TRAE","Troglodytes aedon","Wrens","Troglodytidae","troglo1","Passeriformes"
"pacwre1","","PAWR","Pacific Wren","TRPA","Troglodytes pacificus","Wrens","Troglodytidae","troglo1","Passeriformes"
"winwre3","AWWR","WIWR","Winter Wren","TRHI","Troglodytes hiemalis","Wrens","Troglodytidae","troglo1","Passeriformes"
"sedwre1","","SEWR","Sedge Wren","CIST","Cistothorus stellaris","Wrens","Troglodytidae","troglo1","Passeriformes"
"marwre","","MAWR","Marsh Wren","CIPA","Cistothorus palustris","Wrens","Troglodytidae","troglo1","Passeriformes"
"bewwre","","BEWR","Bewick's Wren","THBE","Thryomanes bewickii","Wrens","Troglodytidae","troglo1","Passeriformes"
"amedip","","AMDI","American Dipper","CIME","Cinclus mexicanus","Dippers","Cinclidae","cincli1","Passeriformes"
"eursta","COST","EUST","European Starling","STVU","Sturnus vulgaris","Starlings","Sturnidae","sturni1","Passeriformes"
"cremyn","CRMY","","Crested Myna","ACCR","Acridotheres cristatellus","Starlings","Sturnidae","sturni1","Passeriformes"
"grycat","","GRCA","Gray Catbird","DUCA","Dumetella carolinensis","Mockingbirds and Thrashers","Mimidae","mimida2","Passeriformes"
"brnthr","","BRTH","Brown Thrasher","TORU","Toxostoma rufum","Mockingbirds and Thrashers","Mimidae","mimida2","Passeriformes"
"sagthr","","SATH","Sage Thrasher","ORMO","Oreoscoptes montanus","Mockingbirds and Thrashers","Mimidae","mimida2","Passeriformes"
"normoc","","NOMO","Northern Mockingbird","MIPO","Mimus polyglottos","Mockingbirds and Thrashers","Mimidae","mimida2","Passeriformes"
"easblu","","EABL","Eastern Bluebird","SISI","Sialia sialis","Thrushes and Allies","Turdidae","turdid1","Passeriformes"
"wesblu","","WEBL","Western Bluebird","SIME","Sialia mexicana","Thrushes and Allies","Turdidae","turdid1","Passeriformes"
"moublu","","MOBL","Mountain Bluebird","SICU","Sialia currucoides","Thrushes and Allies","Turdidae","turdid1","Passeriformes"
"towsol","","TOSO","Townsend's Solitaire","MYTO","Myadestes townsendi","Thrushes and Allies","Turdidae","turdid1","Passeriformes"
"varthr","","VATH","Varied Thrush","IXNA","Ixoreus naevius","Thrushes and Allies","Turdidae","turdid1","Passeriformes"
"veery","","VEER","Veery","CAFU","Catharus fuscescens","Thrushes and Allies","Turdidae","turdid1","Passeriformes"
"gycthr","","GCTH","Gray-cheeked Thrush","CAMI","Catharus minimus","Thrushes and Allies","Turdidae","turdid1","Passeriformes"
"swathr","RBTH","SWTH","Swainson's Thrush","CAUS","Catharus ustulatus","Thrushes and Allies","Turdidae","turdid1","Passeriformes"
"herthr","","HETH","Hermit Thrush","CAGU","Catharus guttatus","Thrushes and Allies","Turdidae","turdid1","Passeriformes"
"woothr","","WOTH","Wood Thrush","HYMU","Hylocichla mustelina","Thrushes and Allies","Turdidae","turdid1","Passeriformes"
"redwin","","REDW","Redwing","TUIL","Turdus iliacus","Thrushes and Allies","Turdidae","turdid1","Passeriformes"
"amerob","ALRO","AMRO","American Robin","TUMI","Turdus migratorius","Thrushes and Allies","Turdidae","turdid1","Passeriformes"
"fieldf","","FIEL","Fieldfare","TUPI","Turdus pilaris","Thrushes and Allies","Turdidae","turdid1","Passeriformes"
"dusthr2","","DUTH","Dusky Thrush","TUEU","Turdus eunomus","Thrushes and Allies","Turdidae","turdid1","Passeriformes"
"refblu","OFBR","RFBL","Red-flanked Bluetail","TACY","Tarsiger cyanurus","Old World Flycatchers","Muscicapidae","muscic3","Passeriformes"
"norwhe","","NOWH","Northern Wheatear","OEOE","Oenanthe oenanthe","Old World Flycatchers","Muscicapidae","muscic3","Passeriformes"
"bohwax","","BOWA","Bohemian Waxwing","BOGA","Bombycilla garrulus","Waxwings","Bombycillidae","bombyc1","Passeriformes"
"cedwax","CEWA","CEDW","Cedar Waxwing","BOCE","Bombycilla cedrorum","Waxwings","Bombycillidae","bombyc1","Passeriformes"
"zebfin2","SZFI TZFI ZEFI","","Zebra Finch","TAGU","Taeniopygia guttata","Waxbills and Allies","Estrildidae","estril1","Passeriformes"
"whrmun","WRMU","","White-rumped Munia","LOST","Lonchura striata","Waxbills and Allies","Estrildidae","estril1","Passeriformes"
"sibacc","","SIAC","Siberian Accentor","PRMO","Prunella montanella","Accentors","Prunellidae","prunel1","Passeriformes"
"houspa","","HOSP","House Sparrow","PADO","Passer domesticus","Old World Sparrows","Passeridae","passer4","Passeriformes"
"eutspa","","ETSP","Eurasian Tree Sparrow","PAMO","Passer montanus","Old World Sparrows","Passeridae","passer4","Passeriformes"
"eaywag","","EYWA","Eastern Yellow Wagtail","MOTS","Motacilla tschutschensis","Wagtails and Pipits","Motacillidae","motaci1","Passeriformes"
"citwag","","CIWA","Citrine Wagtail","MOCI","Motacilla citreola","Wagtails and Pipits","Motacillidae","motaci1","Passeriformes"
"whiwag","PWWA","WHWA","White Wagtail","MOAL","Motacilla alba","Wagtails and Pipits","Motacillidae","motaci1","Passeriformes"
"retpip","","RTPI","Red-throated Pipit","ANCE","Anthus cervinus","Wagtails and Pipits","Motacillidae","motaci1","Passeriformes"
"amepip","BBPI","AMPI","American Pipit","ANRU","Anthus rubescens","Wagtails and Pipits","Motacillidae","motaci1","Passeriformes"
"sprpip","","SPPI","Sprague's Pipit","ANSP","Anthus spragueii","Wagtails and Pipits","Motacillidae","motaci1","Passeriformes"
"brambl","","BRAM","Brambling","FRMO","Fringilla montifringilla","Finches, Euphonias, and Allies","Fringillidae","fringi1","Passeriformes"
"evegro","","EVGR","Evening Grosbeak","COVE","Coccothraustes vespertinus","Finches, Euphonias, and Allies","Fringillidae","fringi1","Passeriformes"
"pingro","","PIGR","Pine Grosbeak","PIEN","Pinicola enucleator","Finches, Euphonias, and Allies","Fringillidae","fringi1","Passeriformes"
"eurbul","","EUBU","Eurasian Bullfinch","PYPY","Pyrrhula pyrrhula","Finches, Euphonias, and Allies","Fringillidae","fringi1","Passeriformes"
"gcrfin","","GCRF","Gray-crowned Rosy-Finch","LETE","Leucosticte tephrocotis","Finches, Euphonias, and Allies","Fringillidae","fringi1","Passeriformes"
"houfin","","HOFI","House Finch","HAME","Haemorhous mexicanus","Finches, Euphonias, and Allies","Fringillidae","fringi1","Passeriformes"
"purfin","","PUFI","Purple Finch","HAPU","Haemorhous purpureus","Finches, Euphonias, and Allies","Fringillidae","fringi1","Passeriformes"
"casfin","","CAFI","Cassin's Finch","HACA","Haemorhous cassinii","Finches, Euphonias, and Allies","Fringillidae","fringi1","Passeriformes"
"origre","GCGR","ORGR","Oriental Greenfinch","CHSI","Chloris sinica","Finches, Euphonias, and Allies","Fringillidae","fringi1","Passeriformes"
"comred","REDP","CORE","Common Redpoll","ACFL","Acanthis flammea","Finches, Euphonias, and Allies","Fringillidae","fringi1","Passeriformes"
"hoared","REDP ARRE","HORE","Hoary Redpoll","ACHO","Acanthis hornemanni","Finches, Euphonias, and Allies","Fringillidae","fringi1","Passeriformes"
"redcro","COCR","RECR","Red Crossbill","LOCU","Loxia curvirostra","Finches, Euphonias, and Allies","Fringillidae","fringi1","Passeriformes"
"whwcro","TBCR","WWCR","White-winged Crossbill","LOLE","Loxia leucoptera","Finches, Euphonias, and Allies","Fringillidae","fringi1","Passeriformes"
"eurgol","EUGO","EGOL","European Goldfinch","CACA","Carduelis carduelis","Finches, Euphonias, and Allies","Fringillidae","fringi1","Passeriformes"
"pinsis","","PISI","Pine Siskin","SPPI","Spinus pinus","Finches, Euphonias, and Allies","Fringillidae","fringi1","Passeriformes"
"lesgol","","LEGO","Lesser Goldfinch","SPPS","Spinus psaltria","Finches, Euphonias, and Allies","Fringillidae","fringi1","Passeriformes"
"amegfi","AMGO","AGOL","American Goldfinch","SPTR","Spinus tristis","Finches, Euphonias, and Allies","Fringillidae","fringi1","Passeriformes"
"x00905","AGOL AMGO PISI","","Pine Siskin x American Goldfinch (hybrid)","SPPI SPTR","Spinus pinus x tristis","Finches, Euphonias, and Allies","Fringillidae","fringi1","Passeriformes"
"laplon","LABU","LALO","Lapland Longspur","CALA","Calcarius lapponicus","Longspurs and Snow Buntings","Calcariidae","calcar1","Passeriformes"
"chclon","","CCLO","Chestnut-collared Longspur","CAOR","Calcarius ornatus","Longspurs and Snow Buntings","Calcariidae","calcar1","Passeriformes"
"smilon","","SMLO","Smith's Longspur","CAPI","Calcarius pictus","Longspurs and Snow Buntings","Calcariidae","calcar1","Passeriformes"
"mcclon","","TBLO","Thick-billed Longspur","RHMC","Rhynchophanes mccownii","Longspurs and Snow Buntings","Calcariidae","calcar1","Passeriformes"
"snobun","","SNBU","Snow Bunting","PLNI","Plectrophenax nivalis","Longspurs and Snow Buntings","Calcariidae","calcar1","Passeriformes"
"mckbun","MCBU","MKBU","McKay's Bunting","PLHY","Plectrophenax hyperboreus","Longspurs and Snow Buntings","Calcariidae","calcar1","Passeriformes"
"pinbun","","PIBU","Pine Bunting","EMLE","Emberiza leucocephalos","Old World Buntings","Emberizidae","emberi2","Passeriformes"
"palbun","PRBU PABU","PALB","Pallas's Bunting","EMPA","Emberiza pallasi","Old World Buntings","Emberizidae","emberi2","Passeriformes"
"rusbun","","RUBU","Rustic Bunting","EMRU","Emberiza rustica","Old World Buntings","Emberizidae","emberi2","Passeriformes"
"graspa","","GRSP","Grasshopper Sparrow","AMSA","Ammodramus savannarum","New World Sparrows","Passerellidae","passer3","Passeriformes"
"chispa","","CHSP","Chipping Sparrow","SPPA","Spizella passerina","New World Sparrows","Passerellidae","passer3","Passeriformes"
"clcspa","","CCSP","Clay-colored Sparrow","SPPA","Spizella pallida","New World Sparrows","Passerellidae","passer3","Passeriformes"
"fiespa","","FISP","Field Sparrow","SPPU","Spizella pusilla","New World Sparrows","Passerellidae","passer3","Passeriformes"
"brespa","","BRSP","Brewer's Sparrow","SPBR","Spizella breweri","New World Sparrows","Passerellidae","passer3","Passeriformes"
"bktspa","","BTSP","Black-throated Sparrow","AMBI","Amphispiza bilineata","New World Sparrows","Passerellidae","passer3","Passeriformes"
"larspa","","LASP","Lark Sparrow","CHGR","Chondestes grammacus","New World Sparrows","Passerellidae","passer3","Passeriformes"
"larbun","LABU","LARB","Lark Bunting","CAME","Calamospiza melanocorys","New World Sparrows","Passerellidae","passer3","Passeriformes"
"amtspa","","ATSP","American Tree Sparrow","SPAR","Spizelloides arborea","New World Sparrows","Passerellidae","passer3","Passeriformes"
"foxspa","FSSP","FOSP","Fox Sparrow","PAIL","Passerella iliaca","New World Sparrows","Passerellidae","passer3","Passeriformes"
"daejun","","DEJU","Dark-eyed Junco","JUHY","Junco hyemalis","New World Sparrows","Passerellidae","passer3","Passeriformes"
"whcspa","","WCSP","White-crowned Sparrow","ZOLE","Zonotrichia leucophrys","New World Sparrows","Passerellidae","passer3","Passeriformes"
"gocspa","","GCSP","Golden-crowned Sparrow","ZOAT","Zonotrichia atricapilla","New World Sparrows","Passerellidae","passer3","Passeriformes"
"x00053","GCSP WCSP","","White-crowned x Golden-crowned Sparrow (hybrid)","ZOLE ZOAT","Zonotrichia leucophrys x atricapilla","New World Sparrows","Passerellidae","passer3","Passeriformes"
"harspa","","HASP","Harris's Sparrow","ZOQU","Zonotrichia querula","New World Sparrows","Passerellidae","passer3","Passeriformes"
"whtspa","","WTSP","White-throated Sparrow","ZOAL","Zonotrichia albicollis","New World Sparrows","Passerellidae","passer3","Passeriformes"
"x00720","GCSP WTSP","","Golden-crowned x White-throated Sparrow (hybrid)","ZOAL ZOAT","Zonotrichia atricapilla x albicollis","New World Sparrows","Passerellidae","passer3","Passeriformes"
"x00039","WTSP DEJU","","Dark-eyed Junco x White-throated Sparrow (hybrid)","JUHY ZOAL","Junco hyemalis x Zonotrichia albicollis","New World Sparrows","Passerellidae","passer3","Passeriformes"
"sagspa1","SASP","SABS","Sagebrush Sparrow","ARNE","Artemisiospiza nevadensis","New World Sparrows","Passerellidae","passer3","Passeriformes"
"vesspa","","VESP","Vesper Sparrow","POGR","Pooecetes gramineus","New World Sparrows","Passerellidae","passer3","Passeriformes"
"lecspa","LESP","LCSP","LeConte's Sparrow","AMLE","Ammospiza leconteii","New World Sparrows","Passerellidae","passer3","Passeriformes"
"nstspa","","NESP","Nelson's Sparrow","AMNE","Ammospiza nelsoni","New World Sparrows","Passerellidae","passer3","Passeriformes"
"savspa","SASP SBBS","SAVS","Savannah Sparrow","PASA","Passerculus sandwichensis","New World Sparrows","Passerellidae","passer3","Passeriformes"
"sonspa","","SOSP","Song Sparrow","MEME","Melospiza melodia","New World Sparrows","Passerellidae","passer3","Passeriformes"
"linspa","","LISP","Lincoln's Sparrow","MELI","Melospiza lincolnii","New World Sparrows","Passerellidae","passer3","Passeriformes"
"swaspa","","SWSP","Swamp Sparrow","MEGE","Melospiza georgiana","New World Sparrows","Passerellidae","passer3","Passeriformes"
"gnttow","","GTTO","Green-tailed Towhee","PICH","Pipilo chlorurus","New World Sparrows","Passerellidae","passer3","Passeriformes"
"spotow","","SPTO","Spotted Towhee","PIMA","Pipilo maculatus","New World Sparrows","Passerellidae","passer3","Passeriformes"
"yebcha","","YBCH","Yellow-breasted Chat","ICVI","Icteria virens","Yellow-breasted Chat","Icteriidae","icteri2","Passeriformes"
"yehbla","","YHBL","Yellow-headed Blackbird","XAXA","Xanthocephalus xanthocephalus","Troupials and Allies","Icteridae","icteri1","Passeriformes"
"boboli","","BOBO","Bobolink","DOOR","Dolichonyx oryzivorus","Troupials and Allies","Icteridae","icteri1","Passeriformes"
"wesmea","","WEME","Western Meadowlark","STNE","Sturnella neglecta","Troupials and Allies","Icteridae","icteri1","Passeriformes"
"orcori","","OROR","Orchard Oriole","ICSP","Icterus spurius","Troupials and Allies","Icteridae","icteri1","Passeriformes"
"hooori","","HOOR","Hooded Oriole","ICCU","Icterus cucullatus","Troupials and Allies","Icteridae","icteri1","Passeriformes"
"bulori","","BUOR","Bullock's Oriole","ICBU","Icterus bullockii","Troupials and Allies","Icteridae","icteri1","Passeriformes"
"balori","","BAOR","Baltimore Oriole","ICGA","Icterus galbula","Troupials and Allies","Icteridae","icteri1","Passeriformes"
"x00013","BAOR BUOR","BBOH","Bullock's x Baltimore Oriole (hybrid)","ICGA ICBU","Icterus bullockii x galbula","Troupials and Allies","Icteridae","icteri1","Passeriformes"
"rewbla","","RWBL","Red-winged Blackbird","AGPH","Agelaius phoeniceus","Troupials and Allies","Icteridae","icteri1","Passeriformes"
"bnhcow","","BHCO","Brown-headed Cowbird","MOAT","Molothrus ater","Troupials and Allies","Icteridae","icteri1","Passeriformes"
"rusbla","","RUBL","Rusty Blackbird","EUCA","Euphagus carolinus","Troupials and Allies","Icteridae","icteri1","Passeriformes"
"brebla","","BRBL","Brewer's Blackbird","EUCY","Euphagus cyanocephalus","Troupials and Allies","Icteridae","icteri1","Passeriformes"
"comgra","","COGR","Common Grackle","QUQU","Quiscalus quiscula","Troupials and Allies","Icteridae","icteri1","Passeriformes"
"grtgra","","GTGR","Great-tailed Grackle","QUME","Quiscalus mexicanus","Troupials and Allies","Icteridae","icteri1","Passeriformes"
"ovenbi1","","OVEN","Ovenbird","SEAU","Seiurus aurocapilla","New World Warblers","Parulidae","paruli1","Passeriformes"
"norwat","","NOWA","Northern Waterthrush","PANO","Parkesia noveboracensis","New World Warblers","Parulidae","paruli1","Passeriformes"
"gowwar","","GWWA","Golden-winged Warbler","VECH","Vermivora chrysoptera","New World Warblers","Parulidae","paruli1","Passeriformes"
"bawwar","","BAWW","Black-and-white Warbler","MNVA","Mniotilta varia","New World Warblers","Parulidae","paruli1","Passeriformes"
"prowar","PRWA","PROW","Prothonotary Warbler","PRCI","Protonotaria citrea","New World Warblers","Parulidae","paruli1","Passeriformes"
"tenwar","","TEWA","Tennessee Warbler","LEPE","Leiothlypis peregrina","New World Warblers","Parulidae","paruli1","Passeriformes"
"orcwar","","OCWA","Orange-crowned Warbler","LECE","Leiothlypis celata","New World Warblers","Parulidae","paruli1","Passeriformes"
"lucwar","","LUWA","Lucy's Warbler","LELU","Leiothlypis luciae","New World Warblers","Parulidae","paruli1","Passeriformes"
"naswar","","NAWA","Nashville Warbler","LERU","Leiothlypis ruficapilla","New World Warblers","Parulidae","paruli1","Passeriformes"
"conwar","COWA","CONW","Connecticut Warbler","OPAG","Oporornis agilis","New World Warblers","Parulidae","paruli1","Passeriformes"
"macwar","MAWA","MGWA","MacGillivray's Warbler","GETO","Geothlypis tolmiei","New World Warblers","Parulidae","paruli1","Passeriformes"
"mouwar","","MOWA","Mourning Warbler","GEPH","Geothlypis philadelphia","New World Warblers","Parulidae","paruli1","Passeriformes"
"x00699","MGWA MOWA MAWA","","MacGillivray's x Mourning Warbler (hybrid)","GETO GEPH","Geothlypis tolmiei x philadelphia","New World Warblers","Parulidae","paruli1","Passeriformes"
"comyel","","COYE","Common Yellowthroat","GETR","Geothlypis trichas","New World Warblers","Parulidae","paruli1","Passeriformes"
"hoowar","","HOWA","Hooded Warbler","SECI","Setophaga citrina","New World Warblers","Parulidae","paruli1","Passeriformes"
"amered","","AMRE","American Redstart","SERU","Setophaga ruticilla","New World Warblers","Parulidae","paruli1","Passeriformes"
"camwar","","CMWA","Cape May Warbler","SETI","Setophaga tigrina","New World Warblers","Parulidae","paruli1","Passeriformes"
"norpar","","NOPA","Northern Parula","SEAM","Setophaga americana","New World Warblers","Parulidae","paruli1","Passeriformes"
"magwar","","MAWA","Magnolia Warbler","SEMA","Setophaga magnolia","New World Warblers","Parulidae","paruli1","Passeriformes"
"babwar","","BBWA","Bay-breasted Warbler","SECA","Setophaga castanea","New World Warblers","Parulidae","paruli1","Passeriformes"
"bkbwar","BLWA","BLBW","Blackburnian Warbler","SEFU","Setophaga fusca","New World Warblers","Parulidae","paruli1","Passeriformes"
"yelwar","AYWA MAWA","YEWA","Yellow Warbler","SEPE","Setophaga petechia","New World Warblers","Parulidae","paruli1","Passeriformes"
"chswar","","CSWA","Chestnut-sided Warbler","SEPE","Setophaga pensylvanica","New World Warblers","Parulidae","paruli1","Passeriformes"
"bkpwar","BLWA","BLPW","Blackpoll Warbler","SEST","Setophaga striata","New World Warblers","Parulidae","paruli1","Passeriformes"
"btbwar","","BTBW","Black-throated Blue Warbler","SECA","Setophaga caerulescens","New World Warblers","Parulidae","paruli1","Passeriformes"
"palwar","","PAWA","Palm Warbler","SEPA","Setophaga palmarum","New World Warblers","Parulidae","paruli1","Passeriformes"
"pinwar","","PIWA","Pine Warbler","SEPI","Setophaga pinus","New World Warblers","Parulidae","paruli1","Passeriformes"
"yerwar","MYWA","YRWA","Yellow-rumped Warbler","SECO","Setophaga coronata","New World Warblers","Parulidae","paruli1","Passeriformes"
"yetwar","","YTWA","Yellow-throated Warbler","SEDO","Setophaga dominica","New World Warblers","Parulidae","paruli1","Passeriformes"
"prawar","PRWA","PRAW","Prairie Warbler","SEDI","Setophaga discolor","New World Warblers","Parulidae","paruli1","Passeriformes"
"btywar","BTGW","BTYW","Black-throated Gray Warbler","SENI","Setophaga nigrescens","New World Warblers","Parulidae","paruli1","Passeriformes"
"towwar","","TOWA","Townsend's Warbler","SETO","Setophaga townsendi","New World Warblers","Parulidae","paruli1","Passeriformes"
"x00867","BTGW TOWA BTYW","","Black-throated Gray x Townsend's Warbler (hybrid)","SENI SETO","Setophaga nigrescens x townsendi","New World Warblers","Parulidae","paruli1","Passeriformes"
"herwar","","HEWA","Hermit Warbler","SEOC","Setophaga occidentalis","New World Warblers","Parulidae","paruli1","Passeriformes"
"x00059","HEWA TOWA","THWH","Townsend's x Hermit Warbler (hybrid)","SEOC SETO","Setophaga townsendi x occidentalis","New World Warblers","Parulidae","paruli1","Passeriformes"
"btnwar","BTGW","BTNW","Black-throated Green Warbler","SEVI","Setophaga virens","New World Warblers","Parulidae","paruli1","Passeriformes"
"x00664","BTNW BTGW TOWA","","Townsend's x Black-throated Green Warbler (hybrid)","SETO SEVI","Setophaga townsendi x virens","New World Warblers","Parulidae","paruli1","Passeriformes"
"canwar","","CAWA","Canada Warbler","CACA","Cardellina canadensis","New World Warblers","Parulidae","paruli1","Passeriformes"
"wlswar","","WIWA","Wilson's Warbler","CAPU","Cardellina pusilla","New World Warblers","Parulidae","paruli1","Passeriformes"
"paired","PAWH","PARE","Painted Redstart","MYPI","Myioborus pictus","New World Warblers","Parulidae","paruli1","Passeriformes"
"sumtan","","SUTA","Summer Tanager","PIRU","Piranga rubra","Cardinals and Allies","Cardinalidae","cardin1","Passeriformes"
"scatan","","SCTA","Scarlet Tanager","PIOL","Piranga olivacea","Cardinals and Allies","Cardinalidae","cardin1","Passeriformes"
"westan","","WETA","Western Tanager","PILU","Piranga ludoviciana","Cardinals and Allies","Cardinalidae","cardin1","Passeriformes"
"norcar","","NOCA","Northern Cardinal","CACA","Cardinalis cardinalis","Cardinals and Allies","Cardinalidae","cardin1","Passeriformes"
"robgro","","RBGR","Rose-breasted Grosbeak","PHLU","Pheucticus ludovicianus","Cardinals and Allies","Cardinalidae","cardin1","Passeriformes"
"bkhgro","","BHGR","Black-headed Grosbeak","PHME","Pheucticus melanocephalus","Cardinals and Allies","Cardinalidae","cardin1","Passeriformes"
"x00448","RBGR BHGR","","Rose-breasted x Black-headed Grosbeak (hybrid)","PHLU PHME","Pheucticus ludovicianus x melanocephalus","Cardinals and Allies","Cardinalidae","cardin1","Passeriformes"
"blugrb1","","BLGR","Blue Grosbeak","PACA","Passerina caerulea","Cardinals and Allies","Cardinalidae","cardin1","Passeriformes"
"lazbun","LABU","LAZB","Lazuli Bunting","PAAM","Passerina amoena","Cardinals and Allies","Cardinalidae","cardin1","Passeriformes"
"indbun","","INBU","Indigo Bunting","PACY","Passerina cyanea","Cardinals and Allies","Cardinalidae","cardin1","Passeriformes"
"ixlbun","INBU LAZB LABU","ILBH","Lazuli x Indigo Bunting (hybrid)","PAAM PACY","Passerina amoena x cyanea","Cardinals and Allies","Cardinalidae","cardin1","Passeriformes"
"paibun","","PABU","Painted Bunting","PACI","Passerina ciris","Cardinals and Allies","Cardinalidae","cardin1","Passeriformes"
"dickci","","DICK","Dickcissel","SPAM","Spiza americana","Cardinals and Allies","Cardinalidae","cardin1","Passeriformes"
"saffin","","SAFI","Saffron Finch","SIFL","Sicalis flaveola","Tanagers and Allies","Thraupidae","thraup2","Passeriformes"
"hrthaw1","RTHA","HRLH","Red-tailed Hawk (Harlan's)","BUJA","Buteo jamaicensis harlani","Hawks, Eagles, and Kites","Accipitridae","accipi1","Accipitriformes"
"myrwar","MYWA YRWA","MYWA","Yellow-rumped Warbler (Myrtle)","SECO","Setophaga coronata coronata","New World Warblers","Parulidae","paruli1","Passeriformes"
"audwar","MYWA YRWA","AUWA","Yellow-rumped Warbler (Audubon's)","SECO","Setophaga coronata auduboni","New World Warblers","Parulidae","paruli1","Passeriformes"
